location_id,city,state,zip_code,country
1,North Judithbury,Iowa,18790,United States
2,Lake Joyside,Colorado,77898,United States
3,Johnsonland,Indiana,30996,United States
4,New Jamesside,Nebraska,29394,United States
5,Lawrencetown,Wisconsin,21427,United States
6,Petersonberg,Indiana,44619,United States
7,North Noahstad,Minnesota,79632,United States
8,Lindsaymouth,Ohio,16862,United States
9,Millerport,South Dakota,81571,United States
10,Barbaraland,Arizona,87174,United States
11,Port Keith,Colorado,31013,United States
12,South Joshuastad,Hawaii,49021,United States
13,Jasonview,Vermont,90094,United States
14,New Cynthiaside,Washington,32588,United States
15,South Noah,South Dakota,90699,United States
16,Lake Mark,Wyoming,07832,United States
17,Port Antonio,Massachusetts,53082,United States
18,Carlshire,Virginia,41746,United States
19,Lake Victor,Tennessee,60643,United States
20,West Donald,West Virginia,74080,United States
21,Juliechester,Pennsylvania,52851,United States
22,Jeffreyberg,North Carolina,65187,United States
23,Port Brandonville,Georgia,82741,United States
24,Port Erin,Rhode Island,08827,United States
25,Jamesmouth,North Dakota,33454,United States
26,Lake Jenniferside,Wisconsin,35474,United States
27,Danielchester,Hawaii,59971,United States
28,Lake Nancyview,North Carolina,23917,United States
29,Port Colleenhaven,Rhode Island,26572,United States
30,West Kathryn,Ohio,70015,United States
31,New Mariotown,Delaware,48077,United States
32,Johnbury,Oregon,10823,United States
33,Lake Toddland,Wisconsin,70323,United States
34,East Donna,Oklahoma,22144,United States
35,Allisonchester,Indiana,71187,United States
36,Lake Larry,Texas,85681,United States
37,Samuelhaven,New Hampshire,16361,United States
38,East Caleb,Alaska,77611,United States
39,New Jeffrey,California,93279,United States
40,East Carloston,Michigan,09788,United States
41,West Elizabeth,Indiana,71179,United States
42,Lake Selena,Oregon,76026,United States
43,Sanchezfort,Nebraska,25458,United States
44,North Donnastad,Nevada,54384,United States
45,Shieldston,Utah,86150,United States
46,North Richardmouth,Connecticut,33092,United States
47,East Amanda,Florida,55797,United States
48,West Steven,California,58583,United States
49,North Deniseside,Alabama,12725,United States
50,East Richard,New Mexico,28517,United States
51,Barreraburgh,Missouri,00783,United States
52,Bakermouth,Maine,55945,United States
53,Mooreport,Indiana,08166,United States
54,Lake Leeton,Pennsylvania,62994,United States
55,North Susan,Colorado,24857,United States
56,New Carlosbury,Montana,16214,United States
57,New Brooke,South Carolina,11246,United States
58,Sandovalshire,North Dakota,41968,United States
59,Jamesmouth,Kansas,35315,United States
60,Andersonport,New Jersey,41942,United States
61,North Stephenshire,Connecticut,10103,United States
62,New Joseph,Minnesota,09517,United States
63,West Justin,New Hampshire,71701,United States
64,Cherylhaven,Alabama,88039,United States
65,Sarahville,Florida,35165,United States
66,North Juliaberg,Louisiana,37431,United States
67,Lake Matthew,Utah,83631,United States
68,Williamview,Arkansas,12598,United States
69,Calderonton,Alabama,44220,United States
70,Lake Tina,Hawaii,97655,United States
71,Arnoldchester,Oklahoma,01768,United States
72,North Sierraberg,Ohio,05223,United States
73,Brandiberg,Nevada,17205,United States
74,West Michaelton,Minnesota,28036,United States
75,Lake Curtis,Wyoming,73886,United States
76,Dicksonberg,Kansas,21800,United States
77,South Angel,West Virginia,44041,United States
78,Phambury,Louisiana,21367,United States
79,South Monicafort,Iowa,26659,United States
80,Baileybury,Iowa,03602,United States
81,South Mark,California,37086,United States
82,Darlenefurt,Utah,70783,United States
83,Sheilaville,Kentucky,23906,United States
84,Benjaminchester,Minnesota,95992,United States
85,Samuelhaven,Delaware,50989,United States
86,West Bradley,Nevada,00722,United States
87,West Ryan,Texas,43780,United States
88,Elizabethville,Washington,39864,United States
89,Elizabethmouth,Montana,91885,United States
90,Angelaborough,Nebraska,87654,United States
91,Byrdburgh,South Carolina,75094,United States
92,Richardtown,Maryland,38107,United States
93,South Kristi,Rhode Island,86314,United States
94,Stevenmouth,Utah,28511,United States
95,Leonburgh,Texas,11615,United States
96,Zacharymouth,Colorado,98954,United States
97,Lake Lance,Illinois,19814,United States
98,North Johnfort,South Carolina,10046,United States
99,Perryshire,Illinois,94656,United States
100,Snyderbury,Georgia,86491,United States
101,Port Michelleville,Wyoming,56225,United States
102,East Linda,Vermont,68390,United States
103,Williamsbury,Delaware,60330,United States
104,Port Steven,North Dakota,73760,United States
105,Stephaniemouth,South Carolina,94777,United States
106,Rivasside,New Hampshire,21362,United States
107,Colebury,South Dakota,36848,United States
108,Simsview,New Hampshire,10656,United States
109,Jimmymouth,Massachusetts,71299,United States
110,East Edwardfurt,Vermont,20529,United States
111,North Robert,Michigan,71622,United States
112,Perryborough,Nebraska,51550,United States
113,Port Nicoleshire,Missouri,63019,United States
114,West Kennethfurt,Nebraska,71046,United States
115,South Jeffrey,Nevada,64155,United States
116,South Matthewfurt,Washington,22133,United States
117,Calhounside,Alaska,52146,United States
118,North Dawnberg,New Jersey,24320,United States
119,West Nicholasborough,New Jersey,43341,United States
120,Kathleenfurt,Louisiana,99068,United States
121,Kingland,New Mexico,03041,United States
122,West Jeffreyland,Wyoming,85927,United States
123,Port Anthonybury,Illinois,03172,United States
124,East David,Texas,15494,United States
125,South Holly,Wyoming,48852,United States
126,New Catherine,West Virginia,94657,United States
127,Port Loriport,Connecticut,76350,United States
128,West Barbarafurt,Montana,94219,United States
129,North Brittany,South Dakota,32331,United States
130,Lake Kendraville,Oregon,05884,United States
131,Amandastad,California,66818,United States
132,Alexanderchester,New York,14334,United States
133,Yumouth,Virginia,20553,United States
134,Thompsonhaven,Tennessee,35901,United States
135,Marshallshire,Louisiana,42746,United States
136,Port Sarah,Louisiana,59588,United States
137,Port Steven,South Carolina,88081,United States
138,Rogersfort,Massachusetts,24335,United States
139,Lewisview,Michigan,37156,United States
140,Angelahaven,Illinois,11722,United States
141,Lake Richard,Oklahoma,99875,United States
142,Lake Thomas,Virginia,64833,United States
143,Mcguireland,Maine,29546,United States
144,Holtport,Texas,76726,United States
145,Thomashaven,Minnesota,56272,United States
146,Michaelmouth,Louisiana,40690,United States
147,Jerryborough,Massachusetts,16171,United States
148,East Javier,New Mexico,36742,United States
149,Tinaborough,Maine,30317,United States
150,Harrytown,Virginia,70511,United States
151,West Brandon,Arkansas,73030,United States
152,Heidiberg,South Dakota,99170,United States
153,Garciatown,Oregon,37769,United States
154,Mendozamouth,Idaho,07235,United States
155,Shelleyfort,Delaware,09065,United States
156,Vasquezshire,South Dakota,90475,United States
157,East Edwardshire,Maryland,11665,United States
158,North Angela,Nebraska,79972,United States
159,Port Alexandra,New Hampshire,58529,United States
160,Michellechester,Maryland,75032,United States
161,New Susanville,Wisconsin,27736,United States
162,West Donna,Hawaii,31940,United States
163,New Charles,Alabama,54046,United States
164,Norrisfort,Maine,04779,United States
165,West Jasmine,Vermont,60011,United States
166,Lake Jesusview,South Dakota,77805,United States
167,South Danny,Iowa,85387,United States
168,West Margaret,California,08317,United States
169,Port Kyle,West Virginia,75108,United States
170,Scottmouth,Vermont,40358,United States
171,Benderhaven,Ohio,65223,United States
172,Millerton,Nevada,96777,United States
173,Cassandratown,Colorado,30506,United States
174,Port Emilyview,Oregon,05774,United States
175,South April,New Hampshire,36959,United States
176,New Ryan,New York,12460,United States
177,Baileymouth,Massachusetts,88336,United States
178,Port Eugenechester,Vermont,65443,United States
179,Elainefurt,Wisconsin,72603,United States
180,South Christopherview,Massachusetts,15695,United States
181,Hancocktown,Texas,71619,United States
182,Gutierrezborough,North Dakota,47920,United States
183,Garrettton,Indiana,35504,United States
184,West Samuel,Vermont,64033,United States
185,North Teresabury,Virginia,21259,United States
186,Andreaside,Nebraska,12718,United States
187,Port Robin,New Jersey,15897,United States
188,South Sarah,Maine,67199,United States
189,Robertfort,New Mexico,32447,United States
190,Arnoldfurt,Illinois,79062,United States
191,Port Chad,Wyoming,54888,United States
192,Sarahhaven,Louisiana,00837,United States
193,Jessicashire,Pennsylvania,87000,United States
194,Grimesmouth,Ohio,63984,United States
195,Martinside,Missouri,60183,United States
196,Mollybury,Oregon,50697,United States
197,Port Kimberly,Arizona,42205,United States
198,Thorntonfurt,Missouri,87492,United States
199,South Tammie,Florida,66337,United States
200,Mollymouth,Connecticut,69438,United States
201,Smithberg,Nebraska,86324,United States
202,North Terrance,Kentucky,44876,United States
203,Santosmouth,Utah,70443,United States
204,Finleyfort,Ohio,05206,United States
205,East Crystalport,Iowa,98381,United States
206,South Tiffanyville,New Hampshire,22306,United States
207,Rebeccaton,Massachusetts,07856,United States
208,Michaelchester,Georgia,32508,United States
209,Knightburgh,Hawaii,23447,United States
210,New Monicabury,New York,76936,United States
211,East Steven,Kentucky,60737,United States
212,Elizabethmouth,Maine,89316,United States
213,North Scott,Minnesota,77515,United States
214,Daniellechester,Vermont,33281,United States
215,Bruceborough,Missouri,63836,United States
216,East Patrickstad,Oregon,39281,United States
217,Andrewfurt,Louisiana,01562,United States
218,New Julieport,Wyoming,30663,United States
219,Jefferyborough,South Carolina,33351,United States
220,Lake Colton,South Dakota,85218,United States
221,West Kristinaton,Pennsylvania,48324,United States
222,North Renee,Massachusetts,98474,United States
223,Thompsonberg,Ohio,48454,United States
224,Mariaview,New Mexico,39185,United States
225,Lindamouth,California,18950,United States
226,Port Erica,Utah,52590,United States
227,Christopherfurt,Alabama,35164,United States
228,South Miguelview,Pennsylvania,50442,United States
229,Danielbury,New Mexico,03781,United States
230,Rosebury,Tennessee,08786,United States
231,Blankenshipport,Tennessee,54017,United States
232,East Brandonton,Maryland,65070,United States
233,North Jimmyside,Florida,51441,United States
234,Watsonside,Nebraska,77484,United States
235,South Diana,New York,81195,United States
236,Crosbyview,Arizona,90977,United States
237,Jeffmouth,Kansas,48038,United States
238,Lake Michaelstad,Arkansas,52685,United States
239,Jamesville,New Jersey,12516,United States
240,Lake Danielle,Alaska,07130,United States
241,Johnberg,Oregon,27397,United States
242,Port Kathyborough,Pennsylvania,28806,United States
243,West Kim,Rhode Island,00872,United States
244,Micheleberg,Florida,71308,United States
245,Laurenville,Texas,03880,United States
246,North Michael,Kansas,77683,United States
247,Alfredview,Arkansas,17115,United States
248,Foxland,New Mexico,59257,United States
249,Williamville,New Hampshire,66540,United States
250,New Bradley,Texas,68848,United States
251,Stephentown,Arkansas,63282,United States
252,Simmonsville,New York,93876,United States
253,Jonesland,Massachusetts,80231,United States
254,North David,South Carolina,83479,United States
255,Oscarhaven,Maine,59970,United States
256,Garciaville,Tennessee,85817,United States
257,South Shannon,Iowa,54740,United States
258,Mariafurt,Nebraska,96132,United States
259,West Ronaldview,Mississippi,20507,United States
260,Jonesland,Colorado,57107,United States
261,Lake Joanneberg,Oklahoma,08362,United States
262,Elizabethchester,Minnesota,87708,United States
263,Parrishton,Maine,79197,United States
264,Michaelshire,North Carolina,28385,United States
265,Lake Timothy,Connecticut,46391,United States
266,Dannyview,Oregon,30144,United States
267,Bruceside,Alaska,80323,United States
268,Anthonyview,Vermont,41000,United States
269,Michaelburgh,Georgia,74729,United States
270,Jonestown,Colorado,98295,United States
271,South Robert,Michigan,21132,United States
272,Larrymouth,Wyoming,74896,United States
273,North Ericton,Utah,11194,United States
274,Scottchester,New York,80071,United States
275,Perryborough,Wisconsin,67655,United States
276,West Russellport,Utah,89431,United States
277,Roseport,Arizona,29404,United States
278,Joyceton,Alabama,27295,United States
279,Sierraberg,Wisconsin,33992,United States
280,Marktown,New York,98413,United States
281,Thompsonfurt,Ohio,92732,United States
282,New Angelica,Texas,46922,United States
283,South Michelleton,Nevada,02957,United States
284,Morsemouth,Oregon,56768,United States
285,Mckinneychester,Maine,15597,United States
286,Smithmouth,Hawaii,81519,United States
287,Collierstad,Colorado,57741,United States
288,East Ryanfurt,North Dakota,10809,United States
289,Harrellmouth,Iowa,44156,United States
290,North William,Delaware,70048,United States
291,Port Michael,Washington,85100,United States
292,East Curtis,Kentucky,26357,United States
293,New Eric,Wisconsin,86419,United States
294,East Stephaniefort,New Jersey,99387,United States
295,Maldonadoshire,Tennessee,83770,United States
296,Michellemouth,Georgia,58141,United States
297,South Scottport,Louisiana,78019,United States
298,West Williamport,New Jersey,59734,United States
299,North Miguelport,California,84998,United States
300,New Brookefurt,New Jersey,76565,United States
301,South Reginashire,Tennessee,25173,United States
302,Cassidyhaven,Georgia,08610,United States
303,Garciamouth,Virginia,11554,United States
304,North John,New Hampshire,58096,United States
305,West Nathan,Maine,51280,United States
306,Schroederton,South Dakota,85344,United States
307,Cameronville,Oklahoma,89417,United States
308,Mitchellberg,Michigan,11183,United States
309,West Kyle,Tennessee,92052,United States
310,Andersonland,Maryland,73760,United States
311,Schneidermouth,Florida,88334,United States
312,Lake Ellenhaven,Mississippi,02890,United States
313,Kyleborough,Michigan,64237,United States
314,East Zoe,Georgia,10615,United States
315,Meganville,North Carolina,71249,United States
316,Lake Matthewberg,Rhode Island,49878,United States
317,East Henry,Vermont,82386,United States
318,Lake Samuel,Nebraska,48250,United States
319,South Cheryl,Wisconsin,98613,United States
320,Youngbury,Maryland,61975,United States
321,West Erika,Oregon,58250,United States
322,Hammondfurt,North Carolina,69636,United States
323,Burchborough,Rhode Island,18641,United States
324,Brettfort,Mississippi,73185,United States
325,Lake Meghanville,Maine,11494,United States
326,West Shannon,North Carolina,19814,United States
327,Davisbury,New Hampshire,46321,United States
328,South Brianhaven,Mississippi,31404,United States
329,Vangstad,Iowa,04195,United States
330,Sarahmouth,Georgia,18536,United States
331,West Samanthafort,Vermont,18692,United States
332,Westtown,Colorado,02991,United States
333,Jasonberg,Oklahoma,95821,United States
334,Rodriguezport,Kansas,39973,United States
335,North Johnmouth,California,15031,United States
336,Carlsontown,South Dakota,68052,United States
337,Lake Douglas,Nevada,00706,United States
338,Johnchester,Idaho,87581,United States
339,New Theresaland,North Dakota,71814,United States
340,South Morganton,South Dakota,51210,United States
341,Jontown,Minnesota,09356,United States
342,Johnville,Wyoming,76772,United States
343,Dennisstad,Ohio,44875,United States
344,Port Kimberly,New Jersey,91647,United States
345,Welchberg,California,94354,United States
346,Johnsonborough,Arizona,26645,United States
347,West Sarahhaven,Montana,71677,United States
348,Kingborough,Maine,47290,United States
349,Port Dianaview,Delaware,48738,United States
350,Prestonmouth,Missouri,44939,United States
351,South Heather,Mississippi,68563,United States
352,Lauriechester,Colorado,56941,United States
353,New Kelly,Connecticut,10995,United States
354,Donnaport,New Hampshire,79487,United States
355,Jacksonmouth,Minnesota,59107,United States
356,Lake Mollystad,South Carolina,57509,United States
357,Danielleton,California,88474,United States
358,Coxburgh,Alaska,19215,United States
359,Johnsonland,Kansas,85063,United States
360,Michaelshire,Arizona,79811,United States
361,Lake Shannon,Mississippi,49261,United States
362,Hinesshire,Florida,69898,United States
363,Raymondview,Kansas,15370,United States
364,Lake Jacobhaven,Missouri,74120,United States
365,West Kimberlymouth,Indiana,80700,United States
366,Heatherfort,Illinois,16575,United States
367,Port Charles,Idaho,94003,United States
368,Osbornmouth,Texas,46038,United States
369,New Amberport,Hawaii,93799,United States
370,Port Michael,Iowa,16408,United States
371,Port Dominic,New York,03946,United States
372,Angelastad,New Jersey,72806,United States
373,New Nicole,California,41040,United States
374,Keyfort,North Dakota,54344,United States
375,Morrowland,Florida,42054,United States
376,South Stevenhaven,Minnesota,17322,United States
377,Port Tammy,Nevada,66412,United States
378,Port Davidberg,Maryland,22082,United States
379,West Sarah,Iowa,45854,United States
380,Meghanview,Illinois,83739,United States
381,Davidport,South Carolina,70425,United States
382,New Danielleshire,Pennsylvania,20711,United States
383,Lake Claudia,Rhode Island,44753,United States
384,Port Michelleland,Arizona,84577,United States
385,Debrashire,Nebraska,81517,United States
386,South Pamelaside,Maine,84637,United States
387,Timothyfurt,Maryland,59947,United States
388,Lake Brianmouth,Nebraska,63972,United States
389,Harrisberg,Massachusetts,94658,United States
390,Jessicastad,Montana,17640,United States
391,Zacharyville,Massachusetts,32186,United States
392,Martinezmouth,Kansas,18966,United States
393,North Kellyfurt,South Carolina,55306,United States
394,Port Rachel,Massachusetts,76219,United States
395,Jamesburgh,New York,67967,United States
396,Jimenezport,New York,03538,United States
397,South Williambury,Indiana,76961,United States
398,Brandonport,New York,78818,United States
399,Mitchelltown,Connecticut,56983,United States
400,West Jessica,Wisconsin,53356,United States
401,Brandonton,Oregon,74139,United States
402,West Angela,California,51140,United States
403,Duranview,South Carolina,89682,United States
404,East Theresafurt,Mississippi,44945,United States
405,Kariborough,Rhode Island,67232,United States
406,Porterton,Arizona,18462,United States
407,Lindahaven,New Jersey,20022,United States
408,West Sarah,Massachusetts,21800,United States
409,Ewingport,Pennsylvania,44590,United States
410,Ericksonport,New Mexico,02681,United States
411,Markville,Nebraska,77008,United States
412,Lauratown,Rhode Island,62706,United States
413,Tammyshire,Oregon,30325,United States
414,New Timothyhaven,South Dakota,95027,United States
415,Hernandezbury,Arizona,75548,United States
416,East Andrewmouth,Nebraska,20349,United States
417,Vaughnchester,North Carolina,80648,United States
418,Salaston,Virginia,18599,United States
419,New Mark,Texas,63202,United States
420,Edwardsburgh,New Jersey,70379,United States
421,Amyview,South Carolina,63963,United States
422,East Joshua,Maryland,29974,United States
423,Kellieborough,Vermont,92905,United States
424,Stewartstad,Oklahoma,95090,United States
425,Keithshire,Utah,71698,United States
426,Huangfurt,Minnesota,19699,United States
427,Bobbyland,Minnesota,58484,United States
428,Julieborough,Illinois,71093,United States
429,Sarahview,Florida,14817,United States
430,East Brent,North Dakota,30080,United States
431,North Craig,Michigan,94526,United States
432,Garciaberg,Alabama,72636,United States
433,South Denise,New Mexico,63081,United States
434,Port Tamara,Massachusetts,37910,United States
435,Port Christophershire,Iowa,70644,United States
436,East Robertburgh,Arizona,52535,United States
437,Lopezport,Arizona,01715,United States
438,Ashleyville,Michigan,37799,United States
439,Haysside,North Dakota,65239,United States
440,Port William,Louisiana,25773,United States
441,West Franciscomouth,Tennessee,34221,United States
442,North Jill,Maine,74921,United States
443,East Cheryl,South Dakota,53649,United States
444,Robertsonland,Montana,88221,United States
445,East Tinafort,Massachusetts,33013,United States
446,West Patrickmouth,Wisconsin,35496,United States
447,Kevinshire,Alabama,34783,United States
448,Heatherton,Texas,15996,United States
449,Parkerfurt,Utah,66367,United States
450,Hannahport,Mississippi,81061,United States
451,East Susan,New Mexico,20579,United States
452,Adkinsstad,Nebraska,92505,United States
453,Toddborough,Wisconsin,32936,United States
454,New Seanstad,California,74447,United States
455,North Mariahaven,Illinois,75566,United States
456,East Mark,North Dakota,58413,United States
457,Lake Jamieshire,New York,12420,United States
458,Stokesmouth,Florida,67773,United States
459,Bryantton,Oklahoma,61105,United States
460,Jenniferfurt,Kentucky,00896,United States
461,New Charles,Nevada,45659,United States
462,New Virginialand,New Mexico,04660,United States
463,Robertberg,Wyoming,84586,United States
464,Brooksfurt,New Hampshire,49980,United States
465,Millerside,Florida,86161,United States
466,Davidside,Montana,69817,United States
467,Lake Tiffany,Alabama,99614,United States
468,West Stevenside,Nevada,70222,United States
469,Morrowbury,New Jersey,45872,United States
470,West Jacob,Washington,15291,United States
471,Port Donnatown,Kansas,27512,United States
472,North Brittneymouth,Rhode Island,88584,United States
473,East Joyfurt,New Hampshire,31216,United States
474,Port Michelle,Arkansas,18868,United States
475,Jimshire,Massachusetts,76191,United States
476,Joelberg,Texas,68822,United States
477,South Kevin,Arkansas,73471,United States
478,Lake Erika,Oklahoma,65463,United States
479,West Shellyfurt,North Dakota,42278,United States
480,Russellport,Missouri,24602,United States
481,Allenbury,Maryland,93244,United States
482,Port Steven,Arkansas,74214,United States
483,Faulknerside,North Dakota,18076,United States
484,Sanchezborough,Michigan,85266,United States
485,South Melanieland,Ohio,95473,United States
486,North Joseph,Utah,79795,United States
487,Port Charlesshire,Washington,88509,United States
488,South Jason,Michigan,40240,United States
489,East Sharonville,West Virginia,99372,United States
490,Rochaborough,Montana,31870,United States
491,Kimberlyfurt,New Jersey,70447,United States
492,Kylestad,North Carolina,65680,United States
493,Garciafort,Wisconsin,42474,United States
494,West Lawrence,Arizona,74232,United States
495,Lake Dustin,Kentucky,73024,United States
496,Phillipsborough,Michigan,30650,United States
497,Hudsonbury,New York,72674,United States
498,Jonathanfort,Washington,84609,United States
499,Murraystad,Hawaii,18845,United States
500,Whiteside,Tennessee,08199,United States
501,Port Melanieton,Wisconsin,01337,United States
502,Taylorbury,California,93191,United States
503,North Jeffery,New Jersey,49417,United States
504,New Danafort,Texas,64445,United States
505,North Amandachester,Alabama,02693,United States
506,Amandaport,Alaska,66327,United States
507,Drakeburgh,Connecticut,13125,United States
508,East James,North Dakota,33585,United States
509,Josephfurt,Colorado,49397,United States
510,Stevensbury,Vermont,30104,United States
511,Gabriellaland,Tennessee,85683,United States
512,North Richardfurt,Oklahoma,62891,United States
513,Lake Albertburgh,Colorado,66018,United States
514,Newmanmouth,Oregon,13000,United States
515,East Jasonshire,New Mexico,36033,United States
516,North Gabrielleview,Ohio,74361,United States
517,East Sarahmouth,Alaska,27653,United States
518,Port Lori,Montana,10585,United States
519,Franciscobury,Oregon,51508,United States
520,Patrickberg,Vermont,95418,United States
521,New Juliestad,Arkansas,13304,United States
522,Hallland,Michigan,79821,United States
523,Novakmouth,Alaska,83616,United States
524,Kristenmouth,New York,30403,United States
525,Angelafurt,Nevada,24846,United States
526,Millerport,Kansas,93969,United States
527,North Josephfurt,Virginia,83587,United States
528,Lake Peter,Mississippi,14466,United States
529,North Sherrymouth,Mississippi,35859,United States
530,East Christopherchester,New Hampshire,73506,United States
531,Garcialand,Minnesota,73143,United States
532,New Carlymouth,Missouri,02118,United States
533,Robertland,Washington,73840,United States
534,New Adriana,Utah,50404,United States
535,East Joseph,Louisiana,65135,United States
536,North Gary,Louisiana,55695,United States
537,Toddland,Mississippi,33491,United States
538,Lake Colleen,Rhode Island,81329,United States
539,South Daniel,Maryland,01388,United States
540,Cookfurt,Michigan,58201,United States
541,Ryanberg,Maryland,42531,United States
542,South Leon,Montana,42331,United States
543,Jessicafort,Oregon,32276,United States
544,Nicholasfurt,Mississippi,15428,United States
545,New Wendy,Idaho,89854,United States
546,Lake Stevenborough,New Hampshire,38686,United States
547,Port Melaniechester,Utah,65945,United States
548,Lake Kevin,Kentucky,86833,United States
549,Lake Rodney,Missouri,10195,United States
550,Ewingfort,Pennsylvania,53035,United States
551,Stephensstad,Vermont,70874,United States
552,North Kaylastad,Hawaii,85304,United States
553,New Tonyafurt,Wisconsin,43964,United States
554,Rodriguezville,Kentucky,29599,United States
555,South Neil,New Jersey,89571,United States
556,West Whitney,New Mexico,14204,United States
557,Robertland,Delaware,96203,United States
558,West Larry,New Jersey,27615,United States
559,Baileyville,New Hampshire,95134,United States
560,Floresport,Arizona,93664,United States
561,North Melindaville,Utah,22043,United States
562,New Greg,Hawaii,43884,United States
563,Mullenbury,Montana,83044,United States
564,East Danielle,Nevada,52350,United States
565,Lake Christinaborough,New Hampshire,78122,United States
566,Priceborough,Indiana,36984,United States
567,New Cristianside,Idaho,48446,United States
568,Jamesville,Kentucky,88411,United States
569,Rosemouth,Rhode Island,51440,United States
570,Matthewsstad,Minnesota,60513,United States
571,Port Emily,Maryland,81042,United States
572,Lake Dennisville,Kansas,40527,United States
573,East Nathanielberg,North Carolina,51417,United States
574,Carlsonshire,Missouri,55949,United States
575,South Cynthia,Vermont,85076,United States
576,New Garrett,Maine,18889,United States
577,West Megan,South Carolina,07527,United States
578,Stephaniefort,Florida,26076,United States
579,Maynardhaven,Tennessee,65377,United States
580,Cohenchester,Virginia,58677,United States
581,Jacksonshire,Alaska,29406,United States
582,Antoniobury,Ohio,38337,United States
583,Port Stephen,West Virginia,65422,United States
584,New Dannyside,Mississippi,71547,United States
585,Port Jenniferside,Indiana,56226,United States
586,Lake Mariabury,Maryland,04725,United States
587,Bakerland,New Hampshire,15887,United States
588,East Lisa,Pennsylvania,90827,United States
589,Michellechester,Hawaii,81261,United States
590,Port Jamie,Indiana,08281,United States
591,Amandaside,Hawaii,42922,United States
592,Keithview,North Carolina,89538,United States
593,East Sydneychester,Arkansas,36850,United States
594,Lake Michelle,Kansas,19669,United States
595,Mariafurt,New York,19135,United States
596,Courtneyfurt,New Hampshire,10399,United States
597,South Zacharyview,Vermont,48875,United States
598,Clementsmouth,Pennsylvania,00825,United States
599,Lake Teresastad,California,70549,United States
600,Robinsonchester,Indiana,65344,United States
601,Marcusport,Michigan,72238,United States
602,New Melissa,Michigan,89964,United States
603,North Corymouth,Alaska,16785,United States
604,South Stephen,Nevada,27019,United States
605,Lake Kevin,Louisiana,12735,United States
606,Johnstad,Texas,85555,United States
607,North Randy,Maryland,95657,United States
608,South Diana,Virginia,12976,United States
609,East Thomasberg,Pennsylvania,30148,United States
610,Smithmouth,Delaware,55854,United States
611,South Chad,Missouri,12209,United States
612,North Lawrenceport,Florida,50665,United States
613,Lake Victoria,Georgia,09467,United States
614,New Debramouth,Minnesota,95191,United States
615,Lake Kaitlin,Nebraska,81251,United States
616,Heathland,Connecticut,18852,United States
617,New Jessicastad,Nevada,41723,United States
618,East Joshua,Colorado,33028,United States
619,Kimberlytown,Texas,40038,United States
620,New Catherine,Illinois,98522,United States
621,Phillipston,Kansas,65366,United States
622,Rodriguezfort,South Dakota,78348,United States
623,New Pamelatown,Mississippi,41981,United States
624,South Michelle,Oregon,55664,United States
625,Amyburgh,Wisconsin,62237,United States
626,North Brendatown,Kentucky,28778,United States
627,North Stacyfurt,North Carolina,38051,United States
628,Hendersonfurt,Colorado,84457,United States
629,West Christopher,Colorado,67518,United States
630,Port Eric,Massachusetts,51714,United States
631,West Hollybury,Arkansas,32545,United States
632,South Darrenton,Maryland,87805,United States
633,North Alexander,Florida,92447,United States
634,East Tylerstad,North Dakota,68294,United States
635,Garyberg,West Virginia,35728,United States
636,Port Rachelmouth,Nevada,36150,United States
637,West Jennifershire,South Dakota,10602,United States
638,Gibsonstad,Arkansas,65985,United States
639,West Eric,Wyoming,13988,United States
640,East Joycetown,Arizona,02111,United States
641,North Thomas,Missouri,20172,United States
642,Port Austin,Virginia,97581,United States
643,Walkerbury,Nebraska,94910,United States
644,Josephland,Oregon,49365,United States
645,New Emilyton,Idaho,29754,United States
646,South Caseymouth,Maine,41224,United States
647,Christophermouth,Alabama,48855,United States
648,West Anne,Maryland,97438,United States
649,South Micheal,New York,26115,United States
650,East Adam,Nebraska,03634,United States
651,New Michael,Vermont,01758,United States
652,Aaronfurt,West Virginia,95818,United States
653,Daltonhaven,Kansas,55527,United States
654,Woodwardberg,Virginia,37178,United States
655,North Samanthahaven,Nebraska,92362,United States
656,Stephenland,Pennsylvania,13028,United States
657,Lake Lori,California,78081,United States
658,South Elaineberg,Kansas,38731,United States
659,Melissafurt,Vermont,96885,United States
660,Louisview,Iowa,10290,United States
661,East Kimberly,Pennsylvania,14784,United States
662,North Frank,New Jersey,41661,United States
663,Martinezstad,Wyoming,27716,United States
664,Parkerview,Delaware,12352,United States
665,Port Gina,Virginia,91842,United States
666,East Marymouth,Georgia,12456,United States
667,West Randy,Arkansas,89260,United States
668,Jorgeburgh,Alaska,53505,United States
669,Hawkinsside,Kansas,12916,United States
670,Garciaberg,Delaware,02068,United States
671,Port Kimberlybury,Florida,26470,United States
672,Watsonland,Pennsylvania,77324,United States
673,Samanthaland,Alaska,08951,United States
674,Lake Scott,Florida,12556,United States
675,Davidmouth,Arkansas,22519,United States
676,Underwoodfurt,New York,04365,United States
677,Vegaburgh,Minnesota,28644,United States
678,West Joshua,Georgia,05042,United States
679,Lake Kenneth,Nebraska,72680,United States
680,Brownview,Missouri,18488,United States
681,Gonzalezhaven,Kansas,83175,United States
682,South Kimberlystad,New Mexico,71872,United States
683,Coopershire,North Carolina,42654,United States
684,Nelsontown,Massachusetts,78766,United States
685,North Paula,Wyoming,37323,United States
686,Port Victoriahaven,Minnesota,77045,United States
687,East Craig,Texas,32109,United States
688,Amandaton,Wisconsin,29259,United States
689,Kellyburgh,Idaho,31506,United States
690,Lindastad,Pennsylvania,04198,United States
691,Staceyshire,Georgia,74308,United States
692,Port Vanessa,New York,71558,United States
693,Gregoryton,Colorado,07863,United States
694,New Jeffery,North Dakota,63151,United States
695,West Samanthaborough,Florida,45164,United States
696,Port Megan,Massachusetts,08307,United States
697,East Brendaberg,Wyoming,15039,United States
698,Susanstad,Virginia,87288,United States
699,Willismouth,Maryland,42785,United States
700,East Jessica,Nevada,84290,United States
701,Banksburgh,Virginia,74160,United States
702,Jeffreyshire,Idaho,50096,United States
703,Jessicaport,Florida,23793,United States
704,Lake Stacyfurt,Wyoming,74882,United States
705,East Carriebury,South Dakota,74628,United States
706,South Donaldland,Kansas,45958,United States
707,Garyland,Virginia,88322,United States
708,Seanview,Indiana,33208,United States
709,West Jonathanville,Washington,00668,United States
710,South Samuelchester,Hawaii,54767,United States
711,Maciasstad,Ohio,49698,United States
712,Port Timothyshire,Tennessee,99885,United States
713,East Shannon,Arizona,39155,United States
714,West Joseville,California,45302,United States
715,South Eugene,California,72203,United States
716,West Brookefort,Virginia,04563,United States
717,Dunlapburgh,Rhode Island,57412,United States
718,North Craig,Indiana,25402,United States
719,Terryside,Kentucky,87086,United States
720,Kennethville,Arkansas,51999,United States
721,Hernandezstad,Alabama,56548,United States
722,West Madisonfort,Illinois,13213,United States
723,East Georgeport,Colorado,62572,United States
724,West Kristenfort,New York,87144,United States
725,Christopherside,Missouri,24733,United States
726,Nicolestad,Idaho,58929,United States
727,West Scottview,Iowa,35701,United States
728,East Karenville,Colorado,88075,United States
729,Lindseychester,Wisconsin,77797,United States
730,New Bruce,Missouri,68996,United States
731,Sheppardfort,Oregon,31387,United States
732,Evansfurt,Virginia,05052,United States
733,North Stacy,New Hampshire,23160,United States
734,East Lindsey,Florida,06094,United States
735,Millerchester,Illinois,82712,United States
736,Port Brooke,Massachusetts,95803,United States
737,North Paulfurt,Oklahoma,43247,United States
738,Apriltown,Vermont,82166,United States
739,Rodriguezberg,Georgia,74765,United States
740,North Annaville,Maine,70707,United States
741,Natalieview,Missouri,86325,United States
742,Armstrongfort,Arizona,23071,United States
743,Richardfurt,Arizona,52378,United States
744,Hannahton,West Virginia,62788,United States
745,Pennytown,Michigan,40223,United States
746,Juanfort,Vermont,90265,United States
747,Port Jeremyport,West Virginia,58580,United States
748,Josephchester,Rhode Island,85115,United States
749,East Scottchester,West Virginia,64000,United States
750,Lorihaven,Hawaii,09101,United States
751,Jennafurt,Florida,69220,United States
752,East Jamesborough,Arkansas,33202,United States
753,South Brentstad,Virginia,26598,United States
754,Michealmouth,North Carolina,52529,United States
755,Lake Anthonystad,New York,78363,United States
756,Thompsonfort,Pennsylvania,72765,United States
757,Maxview,West Virginia,90790,United States
758,West Anthonyton,Hawaii,75508,United States
759,Port Jeffrey,Iowa,89327,United States
760,West Denise,North Carolina,03129,United States
761,South Rhondaburgh,Rhode Island,01610,United States
762,West Charlene,Maryland,93921,United States
763,Rodneyfurt,Minnesota,60662,United States
764,Jefferyport,Utah,68742,United States
765,Silvatown,North Carolina,87317,United States
766,Annaport,Maryland,90208,United States
767,South Calebview,South Dakota,43117,United States
768,Joseport,Illinois,20152,United States
769,North Linda,Rhode Island,53466,United States
770,Erintown,Tennessee,65692,United States
771,Jordanchester,Montana,51392,United States
772,New Jeanshire,Illinois,45480,United States
773,Lake Amanda,New Mexico,88564,United States
774,Williamburgh,Texas,73671,United States
775,West Connor,Florida,97614,United States
776,Jessicaside,Wisconsin,24496,United States
777,Destinybury,Minnesota,29773,United States
778,Robertmouth,Mississippi,34653,United States
779,Stevenville,New Mexico,07536,United States
780,South Pamelahaven,Delaware,89721,United States
781,Morenochester,Arkansas,20263,United States
782,East Matthew,Oregon,60475,United States
783,West Michelle,Idaho,11093,United States
784,Cookburgh,Massachusetts,83666,United States
785,North Shannonborough,Wisconsin,22600,United States
786,South Kristen,Wyoming,12040,United States
787,New Ryan,Nevada,53374,United States
788,Sanfordfurt,Alabama,05445,United States
789,Lake Nathan,Alabama,42734,United States
790,North Erica,South Dakota,96655,United States
791,East Heather,Minnesota,41407,United States
792,North Patrick,Pennsylvania,40624,United States
793,North Madison,Maryland,38620,United States
794,Lunahaven,Michigan,57342,United States
795,West Wendy,New York,47588,United States
796,East Stacy,Montana,03007,United States
797,East Jessica,Florida,28182,United States
798,New Williamville,Mississippi,93707,United States
799,South Nancyview,Wyoming,70589,United States
800,New Virginiaville,Tennessee,03088,United States
801,Lake Darrellmouth,Missouri,16700,United States
802,Thomasberg,Indiana,91621,United States
803,West Robertville,Texas,68698,United States
804,Cindyberg,Nebraska,14252,United States
805,West Danielville,New York,26538,United States
806,Port Jose,North Dakota,26934,United States
807,Jadeport,Hawaii,05665,United States
808,Lozanofort,Michigan,31238,United States
809,North Emilyville,Oregon,88191,United States
810,Hernandezland,Wyoming,67571,United States
811,Lake Jenniferview,Tennessee,30799,United States
812,Hintonport,Kentucky,61354,United States
813,North Lisaton,Maine,47715,United States
814,Ronaldville,Connecticut,99880,United States
815,North Melissaburgh,Michigan,47362,United States
816,Friedmanview,Washington,12684,United States
817,Lisaburgh,Delaware,53031,United States
818,Riversview,Missouri,90927,United States
819,Marshburgh,Delaware,17869,United States
820,Port Erikchester,Pennsylvania,63766,United States
821,Whitefurt,Wyoming,47503,United States
822,Port Gabrielleberg,New Mexico,64480,United States
823,South Scottland,Kentucky,86349,United States
824,Alexanderhaven,Wyoming,97969,United States
825,Lake Morgan,North Dakota,69065,United States
826,South Dorothybury,New Mexico,45819,United States
827,Hernandezside,South Carolina,07653,United States
828,Lake Sarahhaven,New Mexico,65491,United States
829,North Karen,Massachusetts,32075,United States
830,Taraton,North Carolina,29691,United States
831,Powellbury,Colorado,60675,United States
832,Solismouth,Colorado,65834,United States
833,Stewartfort,West Virginia,86139,United States
834,North Richardton,Oklahoma,72472,United States
835,Port Christopherport,North Carolina,74207,United States
836,Lake Emily,Michigan,48125,United States
837,Port Jeffreymouth,Michigan,73921,United States
838,Moranstad,Virginia,59815,United States
839,North Katherinebury,Alabama,45243,United States
840,Mariaport,Oklahoma,68918,United States
841,Jacquelineton,Hawaii,65043,United States
842,Port Jennifer,Washington,54137,United States
843,West Cherylborough,Delaware,51998,United States
844,South Makayla,Illinois,94451,United States
845,Danielchester,Arizona,83501,United States
846,Port Patriciamouth,Texas,77743,United States
847,South Adam,West Virginia,06867,United States
848,Robersonfort,North Carolina,23727,United States
849,Lake Lisa,Connecticut,51279,United States
850,Williamfurt,Nebraska,80323,United States
851,West Raymond,Michigan,39058,United States
852,Ballardberg,Nebraska,79475,United States
853,Meganside,Massachusetts,93807,United States
854,East Jason,Virginia,38587,United States
855,Samanthaberg,Virginia,85709,United States
856,New Amy,South Dakota,42756,United States
857,Port Michaelfort,Pennsylvania,75295,United States
858,Craigside,Maine,55864,United States
859,New Danielfurt,Georgia,07456,United States
860,East Josephburgh,Maine,90074,United States
861,Dwayneton,Vermont,39185,United States
862,Port Amber,Minnesota,59823,United States
863,New Mirandaside,Iowa,97810,United States
864,Youngport,Vermont,87597,United States
865,South Paulmouth,Oklahoma,07552,United States
866,Lake Johnmouth,Iowa,83572,United States
867,Kariside,West Virginia,79588,United States
868,Port Jenny,Illinois,39059,United States
869,Thompsonland,Idaho,23280,United States
870,South Billyview,Oklahoma,35135,United States
871,East Brandy,Kentucky,01240,United States
872,Stevenberg,Arizona,20647,United States
873,Candiceport,New York,75562,United States
874,Charlesmouth,North Dakota,29331,United States
875,New Carlos,North Carolina,21390,United States
876,Danielsfurt,Colorado,46297,United States
877,East Elizabeth,Michigan,47791,United States
878,Jefferyhaven,New Mexico,74076,United States
879,North Elizabethmouth,Kansas,84683,United States
880,North Felicia,Massachusetts,50488,United States
881,South Jonathanport,Alaska,68247,United States
882,Williehaven,New Hampshire,64307,United States
883,West Rachelborough,Massachusetts,67858,United States
884,North Garyside,Ohio,01461,United States
885,East Ellenborough,Utah,56102,United States
886,East Amandachester,Tennessee,09953,United States
887,North Stephen,Michigan,05466,United States
888,North Brianview,Oklahoma,09733,United States
889,West Rickey,New Hampshire,83104,United States
890,Hamiltontown,Missouri,88751,United States
891,New Adamland,Wisconsin,98274,United States
892,Lake Melaniestad,North Carolina,14412,United States
893,Kristinport,Rhode Island,11839,United States
894,Kathymouth,Missouri,52289,United States
895,South Ericbury,Florida,98379,United States
896,Roblesside,Maine,83606,United States
897,West Erica,Washington,85427,United States
898,Susantown,Oklahoma,73255,United States
899,North Bobby,Oregon,78705,United States
900,Medinaland,Maryland,28033,United States
901,Jasonhaven,Georgia,21597,United States
902,East Christina,Kentucky,25971,United States
903,East Emilyshire,Arkansas,98941,United States
904,Newmanland,Maine,88540,United States
905,West Coreyshire,New York,43866,United States
906,Davidbury,Connecticut,37874,United States
907,East Louismouth,Michigan,81286,United States
908,Heatherberg,Oregon,74800,United States
909,Lindseychester,Hawaii,01134,United States
910,Johnbury,Virginia,97470,United States
911,Hillstad,Florida,89574,United States
912,Nataliemouth,New Hampshire,47521,United States
913,Tonyville,Idaho,85114,United States
914,Port Juanberg,Ohio,26247,United States
915,Jessicaland,Washington,10383,United States
916,Port Williamtown,Pennsylvania,76378,United States
917,Hammondborough,Arizona,72799,United States
918,Amyside,New Mexico,86210,United States
919,West Philip,Wyoming,77781,United States
920,Dennishaven,North Carolina,12370,United States
921,Coxtown,Texas,31811,United States
922,Port Willie,New Hampshire,21370,United States
923,New Stacy,Texas,19663,United States
924,Crosbyton,Iowa,64417,United States
925,North Joseph,Iowa,06111,United States
926,New Rebecca,Mississippi,51369,United States
927,Hardinton,Arizona,85504,United States
928,Dakotahaven,South Dakota,36348,United States
929,Bethshire,Idaho,49870,United States
930,Diazland,North Dakota,33476,United States
931,Kaufmanbury,North Dakota,53695,United States
932,Lisastad,New York,63692,United States
933,New Nicolemouth,Hawaii,30646,United States
934,New Dawnborough,Georgia,24999,United States
935,West Carolyn,Delaware,87153,United States
936,South Lisa,Washington,15356,United States
937,Leonardfort,Indiana,77937,United States
938,Lake Martha,Alaska,32439,United States
939,East Ashleyburgh,Florida,83016,United States
940,New Dylanburgh,Kentucky,24098,United States
941,Greeneshire,South Dakota,02941,United States
942,Staceyborough,New Hampshire,79999,United States
943,Dillonburgh,Iowa,54341,United States
944,Port Brandi,Wyoming,24340,United States
945,Garymouth,New Jersey,78689,United States
946,East Nicholasberg,Connecticut,02671,United States
947,New Michele,North Carolina,90202,United States
948,Serranoville,Idaho,62874,United States
949,Port Amandaville,Colorado,63709,United States
950,New Amber,Alabama,89441,United States
951,Boydstad,Arizona,91942,United States
952,Perezfort,Wyoming,50470,United States
953,Briannashire,Connecticut,56270,United States
954,West Thomas,Iowa,11487,United States
955,Carmenside,Nebraska,34292,United States
956,North Jenna,Alabama,76258,United States
957,New Adrianborough,Vermont,41906,United States
958,Coxberg,Nevada,85904,United States
959,Joseside,Nevada,74513,United States
960,Cherylfurt,Wisconsin,27199,United States
961,Arnoldside,New Mexico,23926,United States
962,Angiefort,Kentucky,40694,United States
963,Kimfurt,West Virginia,18597,United States
964,Lake Jerryburgh,Connecticut,28610,United States
965,Hartmanside,South Carolina,91865,United States
966,East Paultown,Colorado,19549,United States
967,Frostchester,Colorado,08900,United States
968,Jeffreyland,Rhode Island,05449,United States
969,Ariasfurt,South Carolina,86507,United States
970,Jenniferton,Wyoming,23474,United States
971,Gonzalesborough,Texas,68416,United States
972,Jameshaven,North Dakota,92048,United States
973,New Gavin,Arizona,47652,United States
974,Lake Aaron,Hawaii,11883,United States
975,Kimberlystad,Texas,52293,United States
976,Willishaven,Alabama,97091,United States
977,North Andreaside,Pennsylvania,46126,United States
978,Sylviaview,Iowa,79978,United States
979,South Sarah,Oregon,01110,United States
980,Gregoryhaven,Connecticut,73721,United States
981,New Kellyville,North Carolina,34277,United States
982,Heatherfurt,Oregon,63891,United States
983,Port Matthew,Wyoming,60643,United States
984,Mosleytown,New Mexico,15740,United States
985,Carlosbury,Utah,92405,United States
986,Port Leslie,Minnesota,68200,United States
987,Lake Marilynbury,Maine,12691,United States
988,Nunezmouth,California,73187,United States
989,South Lee,Indiana,75698,United States
990,Ianborough,New York,97115,United States
991,East Jill,Kentucky,27603,United States
992,East Mary,South Carolina,47166,United States
993,Port Daniel,Colorado,89081,United States
994,Austinside,Arizona,63715,United States
995,Christinefort,Oregon,36510,United States
996,Whitehaven,Louisiana,52651,United States
997,Port Barbara,Arkansas,69410,United States
998,Mendozaside,Arizona,66361,United States
999,Phillipburgh,New Jersey,16277,United States
1000,Stewarttown,Alabama,88857,United States
