product_id,product_name,category_id,base_price
0000000001,Break Sandals,0000000008,27.16
0000000002,Feeling Earbuds,0000000002,68.54
0000000003,Allow Laptop Bag,0000000003,106.45
0000000004,Church Yoga Mat,0000000011,35.14
0000000005,Majority Phone,0000000002,17.86
0000000006,Not Phone Case,0000000002,89.19
0000000007,Enough Jeans,0000000009,77.00
0000000008,Politics Bookshelf,0000000006,128.51
0000000009,Street Backpack,0000000012,21.06
0000000010,Service Sandals,0000000008,64.19
0000000011,Time Boots,0000000008,45.23
0000000012,Be Dumbbell Set,0000000011,22.52
0000000013,Policy Earbuds,0000000002,106.90
0000000014,Choice Docking Station,0000000003,7.37
0000000015,Person Laptop Bag,0000000003,24.73
0000000016,Customer Jacket,0000000009,60.98
0000000017,Different Guide,0000000015,70.25
0000000018,Meeting Laptop Bag,0000000003,209.81
0000000019,Concern Laptop Bag,0000000003,17.56
0000000020,Staff Boots,0000000008,243.39
0000000021,Story Dumbbell Set,0000000011,347.45
0000000022,Pass Docking Station,0000000003,47.72
0000000023,Likely Knife Set,0000000005,32.14
0000000024,First Resistance Band,0000000011,30.06
0000000025,Hear Resistance Band,0000000011,43.90
0000000026,Resource Thriller,0000000014,126.75
0000000027,Physical Sneakers,0000000008,285.57
0000000028,Drop Blender,0000000005,74.64
0000000029,Happy Boots,0000000008,343.63
0000000030,Half Kettle,0000000005,102.55
0000000031,Admit Biography,0000000015,90.79
0000000032,Seat Sandals,0000000008,285.40
0000000033,Third Sneakers,0000000008,262.01
0000000034,Rather Boots,0000000008,17.30
0000000035,Strong Short Stories,0000000014,132.94
0000000036,Law Biography,0000000015,77.35
0000000037,Choice Short Stories,0000000014,72.95
0000000038,Soldier Tent,0000000012,48.86
0000000039,Team Backpack,0000000012,51.17
0000000040,Perhaps Novel,0000000014,35.81
0000000041,Finish Knife Set,0000000005,58.81
0000000042,Cause Kettle,0000000005,30.34
0000000043,Thing Backpack,0000000012,5.00
0000000044,Sit Phone,0000000002,79.84
0000000045,Also T-Shirt,0000000009,41.49
0000000046,Example T-Shirt,0000000009,16.86
0000000047,Product Guide,0000000015,59.28
0000000048,Such Backpack,0000000012,62.32
0000000049,Military Sweater,0000000009,90.83
0000000050,Its Cookbook,0000000015,50.58
0000000051,Despite Boots,0000000008,50.67
0000000052,East Laptop Bag,0000000003,166.57
0000000053,Across Charger,0000000002,224.90
0000000054,Tax Jeans,0000000009,158.69
0000000055,Behind Sneakers,0000000008,166.05
0000000056,Store Cookbook,0000000015,10.61
0000000057,Back Knife Set,0000000005,32.70
0000000058,Concern Backpack,0000000012,156.46
0000000059,Ago Short Stories,0000000014,21.80
0000000060,Free Backpack,0000000012,79.53
0000000061,Candidate Jeans,0000000009,154.83
0000000062,Would Guide,0000000015,79.81
0000000063,Family Tent,0000000012,64.30
0000000064,Evidence Kettle,0000000005,41.15
0000000065,Who Thriller,0000000014,51.15
0000000066,Season Thriller,0000000014,84.26
0000000067,Remain Dumbbell Set,0000000011,174.24
0000000068,Purpose Kettle,0000000005,22.40
0000000069,Say Sandals,0000000008,144.65
0000000070,Participant Sneakers,0000000008,77.11
0000000071,Nature Sleeping Bag,0000000012,47.01
0000000072,Family Backpack,0000000012,82.83
0000000073,Catch Boots,0000000008,61.42
0000000074,Make Laptop Bag,0000000003,10.51
0000000075,Voice Guide,0000000015,51.38
0000000076,Miss Biography,0000000015,40.58
0000000077,Oil Biography,0000000015,27.91
0000000078,Or Novel,0000000014,50.97
0000000079,Hour Chair,0000000006,52.50
0000000080,Life Novel,0000000014,6.57
0000000081,Away Sandals,0000000008,64.00
0000000082,All Backpack,0000000012,23.72
0000000083,Buy Knife Set,0000000005,69.05
0000000084,Care Phone,0000000002,153.10
0000000085,Little Jacket,0000000009,6.40
0000000086,Sort Guide,0000000015,45.37
0000000087,Direction Chair,0000000006,140.40
0000000088,Own Jeans,0000000009,196.56
0000000089,Media Phone Case,0000000002,72.70
0000000090,None Resistance Band,0000000011,41.48
0000000091,State Pan,0000000005,311.80
0000000092,Its Desk,0000000006,98.48
0000000093,Everyone Sneakers,0000000008,58.74
0000000094,Girl Lamp,0000000006,89.68
0000000095,Think Thriller,0000000014,5.00
0000000096,Camera Kettle,0000000005,51.94
0000000097,Instead Laptop Bag,0000000003,109.51
0000000098,Mention Dumbbell Set,0000000011,37.95
0000000099,Oil Yoga Mat,0000000011,69.11
0000000100,Near Sandals,0000000008,142.79
0000000101,Hold Tent,0000000012,36.25
0000000102,Size Sleeping Bag,0000000012,45.24
0000000103,After Thriller,0000000014,71.57
0000000104,Hope Biography,0000000015,230.09
0000000105,Table Short Stories,0000000014,51.01
0000000106,Remember Short Stories,0000000014,28.99
0000000107,Business Kettle,0000000005,42.52
0000000108,Necessary Sneakers,0000000008,123.14
0000000109,A Docking Station,0000000003,56.12
0000000110,Until Sneakers,0000000008,13.87
0000000111,Summer Earbuds,0000000002,183.17
0000000112,Positive Knife Set,0000000005,13.73
0000000113,Understand Tent,0000000012,33.31
0000000114,Letter Laptop Bag,0000000003,71.18
0000000115,Anything Jeans,0000000009,5.52
0000000116,Bed Laptop,0000000003,56.28
0000000117,Discuss Tent,0000000012,46.80
0000000118,Provide Laptop Bag,0000000003,177.10
0000000119,Base Tent,0000000012,49.14
0000000120,Hot Guide,0000000015,261.35
0000000121,Year Laptop,0000000003,35.29
0000000122,Air Blender,0000000005,69.23
0000000123,Region Knife Set,0000000005,11.89
0000000124,Number Jeans,0000000009,235.67
0000000125,War Dumbbell Set,0000000011,10.87
0000000126,Success Laptop Bag,0000000003,21.34
0000000127,Stand Phone Case,0000000002,387.88
0000000128,Size Phone,0000000002,178.68
0000000129,Yeah Laptop Bag,0000000003,125.58
0000000130,Stay Sweater,0000000009,50.52
0000000131,Already Bookshelf,0000000006,53.58
0000000132,Large Yoga Mat,0000000011,17.31
0000000133,Color Short Stories,0000000014,39.99
0000000134,Situation Jacket,0000000009,109.57
0000000135,Suggest Boots,0000000008,11.29
0000000136,Listen Short Stories,0000000014,405.99
0000000137,Conference Backpack,0000000012,88.87
0000000138,Yeah Tent,0000000012,112.05
0000000139,Painting Novel,0000000014,39.68
0000000140,Matter Novel,0000000014,321.86
0000000141,First Jeans,0000000009,17.94
0000000142,Baby Short Stories,0000000014,133.17
0000000143,College Phone Case,0000000002,31.39
0000000144,Medical Boots,0000000008,168.26
0000000145,Speech Sneakers,0000000008,126.81
0000000146,Safe Phone,0000000002,522.04
0000000147,Network Laptop Bag,0000000003,110.89
0000000148,Civil Thriller,0000000014,28.90
0000000149,View Kettle,0000000005,62.69
0000000150,Cultural Tent,0000000012,33.92
0000000151,Concern Resistance Band,0000000011,68.02
0000000152,Data Sneakers,0000000008,46.90
0000000153,Few Novel,0000000014,49.13
0000000154,World Resistance Band,0000000011,20.38
0000000155,Course Yoga Mat,0000000011,63.79
0000000156,Drug Lamp,0000000006,26.87
0000000157,Company Phone Case,0000000002,111.90
0000000158,Character Earbuds,0000000002,48.13
0000000159,Rule Backpack,0000000012,89.78
0000000160,Describe Novel,0000000014,11.71
0000000161,Also Sleeping Bag,0000000012,22.91
0000000162,Pay Jeans,0000000009,50.24
0000000163,Writer Yoga Mat,0000000011,52.88
0000000164,Provide Yoga Mat,0000000011,373.92
0000000165,Magazine Pan,0000000005,5.00
0000000166,White Sneakers,0000000008,96.56
0000000167,Project Kettle,0000000005,85.66
0000000168,Arrive Lamp,0000000006,233.19
0000000169,Scene Sandals,0000000008,10.96
0000000170,Benefit Biography,0000000015,28.84
0000000171,Section Boots,0000000008,129.98
0000000172,Court Resistance Band,0000000011,129.31
0000000173,Imagine Novel,0000000014,5.21
0000000174,Often Blender,0000000005,59.98
0000000175,Soldier Phone,0000000002,16.71
0000000176,Suggest Phone,0000000002,139.26
0000000177,Center Tent,0000000012,25.87
0000000178,South Jeans,0000000009,314.42
0000000179,Blue Jacket,0000000009,8.63
0000000180,Easy Laptop Bag,0000000003,82.69
0000000181,Deep Guide,0000000015,61.46
0000000182,Executive Lamp,0000000006,103.14
0000000183,Career Resistance Band,0000000011,41.48
0000000184,Their Charger,0000000002,15.86
0000000185,Data Earbuds,0000000002,66.68
0000000186,Live Sleeping Bag,0000000012,142.73
0000000187,Entire Lamp,0000000006,58.95
0000000188,Yet Sneakers,0000000008,83.57
0000000189,Second Jeans,0000000009,1642.08
0000000190,Door Desk,0000000006,36.28
0000000191,Standard Sweater,0000000009,54.25
0000000192,Summer Sandals,0000000008,388.25
0000000193,Just Backpack,0000000012,51.46
0000000194,Serve Thriller,0000000014,44.59
0000000195,Tell Chair,0000000006,215.35
0000000196,Choose Jacket,0000000009,1011.58
0000000197,The Sweater,0000000009,30.92
0000000198,Something Thriller,0000000014,152.80
0000000199,Century Kettle,0000000005,31.97
0000000200,Deal Novel,0000000014,55.19
0000000201,West Tent,0000000012,38.71
0000000202,Peace Phone Case,0000000002,38.43
0000000203,Network Jacket,0000000009,20.49
0000000204,Usually Boots,0000000008,64.87
0000000205,Culture Jacket,0000000009,83.84
0000000206,Meeting Cookbook,0000000015,794.67
0000000207,Arrive Sneakers,0000000008,56.51
0000000208,Affect Laptop Bag,0000000003,440.38
0000000209,Imagine Backpack,0000000012,69.14
0000000210,Large Sandals,0000000008,39.94
0000000211,Character Desk,0000000006,100.77
0000000212,Possible Resistance Band,0000000011,147.71
0000000213,Fact Resistance Band,0000000011,242.15
0000000214,Cup Boots,0000000008,22.66
0000000215,Stage Biography,0000000015,78.57
0000000216,Owner Chair,0000000006,43.59
0000000217,Meet Dumbbell Set,0000000011,46.56
0000000218,Property Laptop,0000000003,8.84
0000000219,Concern Laptop,0000000003,49.38
0000000220,Until Sandals,0000000008,7.39
0000000221,Evidence Novel,0000000014,162.07
0000000222,Century Resistance Band,0000000011,34.79
0000000223,Cover Sneakers,0000000008,187.70
0000000224,Leg Chair,0000000006,843.66
0000000225,Own Jeans,0000000009,37.46
0000000226,Current Laptop Bag,0000000003,9.41
0000000227,Whatever Jacket,0000000009,173.15
0000000228,Find Chair,0000000006,63.62
0000000229,Shoulder Guide,0000000015,13.90
0000000230,Large Charger,0000000002,26.58
0000000231,Coach Desk,0000000006,311.12
0000000232,Reason Thriller,0000000014,89.61
0000000233,Prevent Guide,0000000015,93.75
0000000234,Among Sneakers,0000000008,16.71
0000000235,May Short Stories,0000000014,197.93
0000000236,Gun Boots,0000000008,11.28
0000000237,Suddenly Kettle,0000000005,16.52
0000000238,Whether Guide,0000000015,55.10
0000000239,Claim Tent,0000000012,75.72
0000000240,Computer Novel,0000000014,12.77
0000000241,Less Docking Station,0000000003,184.19
0000000242,Media Knife Set,0000000005,51.17
0000000243,Guess Backpack,0000000012,44.75
0000000244,Newspaper Cookbook,0000000015,503.43
0000000245,Movie Dumbbell Set,0000000011,38.50
0000000246,Total Blender,0000000005,227.82
0000000247,Nice Guide,0000000015,14.17
0000000248,Live Resistance Band,0000000011,104.74
0000000249,Campaign Kettle,0000000005,67.98
0000000250,Fear Knife Set,0000000005,9.81
0000000251,East Yoga Mat,0000000011,54.94
0000000252,Rise Novel,0000000014,116.24
0000000253,Information Knife Set,0000000005,9.38
0000000254,Green Sleeping Bag,0000000012,48.17
0000000255,Enjoy Phone,0000000002,58.71
0000000256,Represent Phone Case,0000000002,133.05
0000000257,Particularly Short Stories,0000000014,59.83
0000000258,Decide Sandals,0000000008,30.46
0000000259,Everybody Sweater,0000000009,204.90
0000000260,Major Kettle,0000000005,95.35
0000000261,Play Resistance Band,0000000011,95.08
0000000262,Manager Sweater,0000000009,76.22
0000000263,Argue Earbuds,0000000002,102.17
0000000264,Deep Knife Set,0000000005,503.91
0000000265,Car Tent,0000000012,212.66
0000000266,Nearly Phone Case,0000000002,112.49
0000000267,Notice Thriller,0000000014,8.40
0000000268,Financial Tent,0000000012,91.24
0000000269,Significant Blender,0000000005,318.66
0000000270,Anything Dumbbell Set,0000000011,20.65
0000000271,Executive Sandals,0000000008,32.15
0000000272,Source Laptop Bag,0000000003,5.00
0000000273,Figure Sweater,0000000009,45.53
0000000274,Law Short Stories,0000000014,47.43
0000000275,Two Yoga Mat,0000000011,32.36
0000000276,Here Yoga Mat,0000000011,11.60
0000000277,Lead Sleeping Bag,0000000012,319.50
0000000278,Growth T-Shirt,0000000009,33.76
0000000279,Over Sneakers,0000000008,21.57
0000000280,Scene Yoga Mat,0000000011,44.67
0000000281,Forget Cookbook,0000000015,13.16
0000000282,Number Kettle,0000000005,51.13
0000000283,Prove Resistance Band,0000000011,16.56
0000000284,Effort Sneakers,0000000008,31.23
0000000285,Turn Lamp,0000000006,101.30
0000000286,In Desk,0000000006,112.64
0000000287,Situation Dumbbell Set,0000000011,10.22
0000000288,Measure Boots,0000000008,145.90
0000000289,Pay Kettle,0000000005,16.79
0000000290,Catch Sweater,0000000009,22.39
0000000291,What Short Stories,0000000014,12.49
0000000292,Trouble Docking Station,0000000003,12.62
0000000293,Assume Kettle,0000000005,24.74
0000000294,Off Jacket,0000000009,70.90
0000000295,Prevent Laptop,0000000003,139.79
0000000296,Several Boots,0000000008,69.64
0000000297,Financial Dumbbell Set,0000000011,9.94
0000000298,Her Biography,0000000015,45.27
0000000299,Interesting Guide,0000000015,147.56
0000000300,Both Phone,0000000002,49.86
0000000301,Road Boots,0000000008,53.39
0000000302,Civil Blender,0000000005,152.90
0000000303,Seat Knife Set,0000000005,102.48
0000000304,Camera Short Stories,0000000014,338.16
0000000305,What Earbuds,0000000002,98.07
0000000306,Age Laptop Bag,0000000003,209.94
0000000307,Matter Resistance Band,0000000011,42.86
0000000308,Good Dumbbell Set,0000000011,16.84
0000000309,Measure Jacket,0000000009,201.04
0000000310,System Pan,0000000005,140.14
0000000311,Own Sandals,0000000008,157.34
0000000312,Attack Yoga Mat,0000000011,18.44
0000000313,Project Jacket,0000000009,81.48
0000000314,Only Laptop Bag,0000000003,906.90
0000000315,Now Lamp,0000000006,27.91
0000000316,Clear Short Stories,0000000014,288.20
0000000317,Language Blender,0000000005,35.09
0000000318,Last Jeans,0000000009,69.00
0000000319,Responsibility Pan,0000000005,5.00
0000000320,Camera Chair,0000000006,138.88
0000000321,May Kettle,0000000005,49.40
0000000322,Assume Sneakers,0000000008,10.45
0000000323,Behind Knife Set,0000000005,33.47
0000000324,Public Yoga Mat,0000000011,187.61
0000000325,Door Phone Case,0000000002,147.36
0000000326,Statement Sandals,0000000008,46.78
0000000327,Kitchen Novel,0000000014,80.91
0000000328,Easy Biography,0000000015,36.07
0000000329,Talk Laptop,0000000003,62.98
0000000330,Hand Pan,0000000005,65.36
0000000331,Door Resistance Band,0000000011,34.15
0000000332,All Novel,0000000014,41.88
0000000333,Ability Guide,0000000015,22.02
0000000334,Young Phone Case,0000000002,86.77
0000000335,Evening Cookbook,0000000015,492.60
0000000336,Question Bookshelf,0000000006,87.51
0000000337,Town Yoga Mat,0000000011,27.39
0000000338,Lay Earbuds,0000000002,107.45
0000000339,Heart Earbuds,0000000002,118.34
0000000340,Rich Bookshelf,0000000006,71.34
0000000341,Close Sweater,0000000009,74.87
0000000342,Coach Boots,0000000008,120.91
0000000343,Spring Chair,0000000006,26.96
0000000344,Policy Laptop,0000000003,24.83
0000000345,Like Blender,0000000005,285.96
0000000346,Nation Jeans,0000000009,24.34
0000000347,Consider Thriller,0000000014,101.11
0000000348,Open Tent,0000000012,52.78
0000000349,Agency Earbuds,0000000002,14.95
0000000350,Main Earbuds,0000000002,182.45
0000000351,Forward Desk,0000000006,48.54
0000000352,During Sandals,0000000008,169.81
0000000353,Hear Desk,0000000006,43.48
0000000354,Those Earbuds,0000000002,66.19
0000000355,Total Tent,0000000012,50.15
0000000356,Stand Lamp,0000000006,79.07
0000000357,Strategy Sleeping Bag,0000000012,20.48
0000000358,Relationship Lamp,0000000006,111.69
0000000359,Place Biography,0000000015,117.00
0000000360,Experience Boots,0000000008,6.71
0000000361,Mrs Cookbook,0000000015,200.02
0000000362,Concern Biography,0000000015,59.03
0000000363,Money Blender,0000000005,37.66
0000000364,Back Guide,0000000015,34.37
0000000365,Soon Tent,0000000012,38.22
0000000366,Standard Desk,0000000006,98.94
0000000367,Support Chair,0000000006,103.41
0000000368,Quickly Boots,0000000008,33.98
0000000369,Husband Docking Station,0000000003,529.57
0000000370,One Backpack,0000000012,42.45
0000000371,Through Laptop,0000000003,612.75
0000000372,Card Kettle,0000000005,58.57
0000000373,At Cookbook,0000000015,14.32
0000000374,Drug Thriller,0000000014,41.83
0000000375,Drop Jacket,0000000009,47.07
0000000376,Official Phone Case,0000000002,138.47
0000000377,Hear Biography,0000000015,15.27
0000000378,Beyond Cookbook,0000000015,163.27
0000000379,I Dumbbell Set,0000000011,97.21
0000000380,Lead Chair,0000000006,25.02
0000000381,Decade Lamp,0000000006,8.78
0000000382,Story Backpack,0000000012,48.68
0000000383,Bring Laptop Bag,0000000003,132.25
0000000384,Must Guide,0000000015,78.97
0000000385,Everything Boots,0000000008,31.80
0000000386,Participant Bookshelf,0000000006,124.91
0000000387,One Laptop Bag,0000000003,17.99
0000000388,Drug Resistance Band,0000000011,24.06
0000000389,Feeling Phone Case,0000000002,953.73
0000000390,Campaign Knife Set,0000000005,12.16
0000000391,Daughter Tent,0000000012,65.80
0000000392,Finish Sweater,0000000009,13.88
0000000393,Hospital Guide,0000000015,376.71
0000000394,Ten Dumbbell Set,0000000011,19.15
0000000395,Wall Sneakers,0000000008,11.47
0000000396,Medical Sweater,0000000009,40.46
0000000397,This Sweater,0000000009,142.18
0000000398,The Tent,0000000012,139.38
0000000399,Apply Backpack,0000000012,59.58
0000000400,Or Pan,0000000005,17.57
0000000401,Blue Boots,0000000008,94.57
0000000402,Trip Sandals,0000000008,53.19
0000000403,Miss Dumbbell Set,0000000011,8.24
0000000404,Material Tent,0000000012,13.96
0000000405,Four Sneakers,0000000008,52.79
0000000406,Response Dumbbell Set,0000000011,63.06
0000000407,Risk Cookbook,0000000015,39.51
0000000408,Discover Earbuds,0000000002,47.79
0000000409,Film Biography,0000000015,49.22
0000000410,Determine Phone Case,0000000002,16.23
0000000411,Discussion Cookbook,0000000015,171.93
0000000412,Material Guide,0000000015,76.28
0000000413,Federal Guide,0000000015,46.74
0000000414,Value Guide,0000000015,105.54
0000000415,May Sandals,0000000008,47.12
0000000416,Whatever Pan,0000000005,721.42
0000000417,State Chair,0000000006,59.76
0000000418,Prevent Thriller,0000000014,29.64
0000000419,Red Cookbook,0000000015,56.21
0000000420,Reality Sneakers,0000000008,44.57
0000000421,Share Thriller,0000000014,30.18
0000000422,Particular Kettle,0000000005,9.35
0000000423,Trouble Phone,0000000002,67.63
0000000424,Skin Jeans,0000000009,52.95
0000000425,Family Jacket,0000000009,22.43
0000000426,Social Blender,0000000005,18.02
0000000427,Thus Sleeping Bag,0000000012,56.83
0000000428,Trade Charger,0000000002,128.07
0000000429,From Boots,0000000008,23.56
0000000430,Him Docking Station,0000000003,33.62
0000000431,Staff Jacket,0000000009,77.71
0000000432,Dog Pan,0000000005,84.78
0000000433,Agreement Guide,0000000015,85.47
0000000434,Past Novel,0000000014,97.16
0000000435,Hope Biography,0000000015,33.89
0000000436,Character Docking Station,0000000003,5.46
0000000437,Program Phone,0000000002,27.46
0000000438,May Phone Case,0000000002,46.18
0000000439,Keep Guide,0000000015,17.18
0000000440,Blue Novel,0000000014,25.94
0000000441,Reveal Bookshelf,0000000006,217.88
0000000442,Effect Biography,0000000015,95.85
0000000443,Ok Thriller,0000000014,152.58
0000000444,Able Earbuds,0000000002,176.73
0000000445,Than Boots,0000000008,161.06
0000000446,Assume Resistance Band,0000000011,44.13
0000000447,Section Sleeping Bag,0000000012,11.85
0000000448,Hour Blender,0000000005,17.16
0000000449,Issue Phone,0000000002,31.11
0000000450,Economy T-Shirt,0000000009,16.90
0000000451,Evening Sandals,0000000008,89.21
0000000452,Local Cookbook,0000000015,30.23
0000000453,Fact Sneakers,0000000008,18.69
0000000454,Road Thriller,0000000014,33.44
0000000455,Store Sandals,0000000008,36.96
0000000456,Same Docking Station,0000000003,32.00
0000000457,Economy Desk,0000000006,62.53
0000000458,North Kettle,0000000005,29.30
0000000459,Treatment Biography,0000000015,241.95
0000000460,Whom Sleeping Bag,0000000012,87.49
0000000461,Class Jeans,0000000009,112.18
0000000462,Onto Novel,0000000014,14.39
0000000463,Share Jeans,0000000009,14.52
0000000464,Month Sandals,0000000008,94.01
0000000465,Certain Thriller,0000000014,80.15
0000000466,Goal Resistance Band,0000000011,35.66
0000000467,Outside Jacket,0000000009,18.31
0000000468,Policy Jeans,0000000009,109.77
0000000469,Marriage Lamp,0000000006,33.82
0000000470,Nothing Lamp,0000000006,23.96
0000000471,History Knife Set,0000000005,28.07
0000000472,Fly Sandals,0000000008,97.95
0000000473,He Sleeping Bag,0000000012,145.75
0000000474,Study Dumbbell Set,0000000011,64.98
0000000475,Half Bookshelf,0000000006,13.15
0000000476,Free Sandals,0000000008,35.03
0000000477,Affect Novel,0000000014,59.27
0000000478,Write Sneakers,0000000008,47.99
0000000479,Force Kettle,0000000005,7.22
0000000480,Third Short Stories,0000000014,149.41
0000000481,Wish Tent,0000000012,10.67
0000000482,Boy Short Stories,0000000014,101.51
0000000483,Sport Novel,0000000014,33.32
0000000484,Forward Kettle,0000000005,25.35
0000000485,Officer Laptop Bag,0000000003,210.85
0000000486,Sort Phone,0000000002,22.44
0000000487,Mention Kettle,0000000005,27.13
0000000488,Race Laptop Bag,0000000003,210.31
0000000489,Plant Sweater,0000000009,205.11
0000000490,Strategy Dumbbell Set,0000000011,85.19
0000000491,Whole Sleeping Bag,0000000012,72.65
0000000492,Ahead Novel,0000000014,404.91
0000000493,Step T-Shirt,0000000009,55.80
0000000494,Far Cookbook,0000000015,84.99
0000000495,Mouth Pan,0000000005,179.13
0000000496,Support Guide,0000000015,118.03
0000000497,Area T-Shirt,0000000009,129.95
0000000498,Wear Yoga Mat,0000000011,119.96
0000000499,Husband Knife Set,0000000005,464.14
0000000500,Among Sandals,0000000008,88.51
