location_id,city,state,zip_code,country
1,Bradfordmouth,Nebraska,93206,United States
2,New Sarahborough,Louisiana,98607,United States
3,Vaughanmouth,North Dakota,19743,United States
4,Joneschester,Utah,58231,United States
5,Lovehaven,Wyoming,36524,United States
6,Simmonston,Kentucky,84582,United States
7,Johnsonton,Rhode Island,93067,United States
8,Williamsville,Illinois,74454,United States
9,North Maryhaven,West Virginia,42993,United States
10,New Chadland,Michigan,11900,United States
11,Amyville,Vermont,25493,United States
12,Port Emma,Hawaii,77497,United States
13,South Josephborough,Ohio,63789,United States
14,Port Nancy,Nevada,57322,United States
15,Shannonville,New York,74709,United States
16,Doyleland,Wyoming,48407,United States
17,Josephton,Rhode Island,78154,United States
18,East Mercedesstad,New Hampshire,12501,United States
19,Aaronshire,Washington,66365,United States
20,Annettehaven,Tennessee,30206,United States
21,West Annahaven,Georgia,46252,United States
22,Zacharyburgh,Wisconsin,44363,United States
23,Perezshire,Maine,05480,United States
24,North Brandi,Washington,32748,United States
25,East Leslie,Illinois,02386,United States
26,Eatonstad,California,23420,United States
27,Duffyside,Kansas,91578,United States
28,Maynardfort,South Carolina,64645,United States
29,West Brian,Iowa,98512,United States
30,Port Teresamouth,North Dakota,93082,United States
31,New Kimberly,Ohio,69416,United States
32,North Maureen,Wisconsin,35569,United States
33,Anthonychester,Indiana,39621,United States
34,North Stephenbury,Nebraska,24875,United States
35,Hardinland,California,91251,United States
36,East Aaron,South Dakota,98627,United States
37,South Mary,New York,02599,United States
38,South Matthewtown,Virginia,63739,United States
39,Sandovalside,Indiana,53542,United States
40,Lake Heather,Utah,84096,United States
41,Port Marcus,New Hampshire,05527,United States
42,New Carly,California,31029,United States
43,Codyview,Alaska,56356,United States
44,New Jason,Wisconsin,51450,United States
45,West Lisatown,New York,78992,United States
46,North Alexis,North Dakota,85789,United States
47,Abigailfurt,Maryland,78606,United States
48,Glennfort,Wyoming,49242,United States
49,Douglasbury,Alabama,43102,United States
50,Goodwinshire,Kentucky,56643,United States
51,Charleshaven,Maine,68075,United States
52,East Lisaborough,Idaho,80072,United States
53,South Brandonland,New York,00931,United States
54,Burnsside,Montana,79415,United States
55,Hodgehaven,Missouri,25318,United States
56,East Davidchester,Minnesota,86080,United States
57,Williammouth,Maine,74461,United States
58,Andersonstad,Tennessee,01770,United States
59,West Amandafurt,Arkansas,09736,United States
60,Cummingsfurt,South Dakota,86432,United States
61,Bobbyland,Hawaii,46150,United States
62,East Andrea,Indiana,57927,United States
63,South Adrianafurt,Wisconsin,89462,United States
64,Floresmouth,Wyoming,89585,United States
65,Marytown,Florida,93255,United States
66,South Cassandra,North Carolina,41933,United States
67,West Courtneyburgh,Nevada,96590,United States
68,Rickyshire,West Virginia,67187,United States
69,Ashleyfort,North Carolina,05171,United States
70,Pierceside,Alaska,70557,United States
71,South John,Idaho,98656,United States
72,North Davidport,Idaho,86857,United States
73,South Nancyview,Mississippi,20843,United States
74,East Jamesmouth,New Jersey,85947,United States
75,Port Jillfurt,South Dakota,75911,United States
76,Port Rubenshire,Arizona,68038,United States
77,South Lisamouth,Virginia,57918,United States
78,Karenville,Texas,27200,United States
79,West Mackenziemouth,New Mexico,69797,United States
80,Smithbury,Idaho,11785,United States
81,Jillmouth,Minnesota,50119,United States
82,Joyborough,Alaska,48958,United States
83,Port Samuel,Vermont,02680,United States
84,Laurenport,Washington,38543,United States
85,North Corey,Illinois,20007,United States
86,East Jaimeshire,Washington,13921,United States
87,North Kevintown,Alabama,88404,United States
88,Penamouth,Ohio,98972,United States
89,Morrisberg,Delaware,51063,United States
90,Ericview,Michigan,59004,United States
91,Port Jennifer,Maryland,93787,United States
92,Mayerland,North Carolina,00795,United States
93,Andreaville,Arizona,77828,United States
94,Heatherburgh,North Dakota,81135,United States
95,Vickieburgh,Georgia,16458,United States
96,East Michellefurt,Missouri,14490,United States
97,Lake Lauren,Kentucky,86742,United States
98,Samuelstad,Utah,31984,United States
99,South Paul,Texas,81486,United States
100,South Zacharyburgh,New Mexico,75474,United States
101,Ashleyton,Minnesota,17989,United States
102,Port Dawn,Delaware,37933,United States
103,Port Christine,Virginia,23819,United States
104,Connieville,Virginia,77802,United States
105,Port Ambershire,Illinois,51701,United States
106,Melindaberg,Texas,95883,United States
107,East Kara,Alabama,64254,United States
108,West Shawnland,Massachusetts,68301,United States
109,North Grantberg,Montana,55439,United States
110,Martinstad,Nebraska,91916,United States
111,Jenniferbury,Arkansas,86028,United States
112,Peterstad,Colorado,35007,United States
113,Melindachester,Montana,04627,United States
114,Sarahport,Connecticut,16508,United States
115,Gambleborough,Florida,40184,United States
116,West Jameston,Texas,31589,United States
117,South Daniel,Hawaii,89244,United States
118,Kristinton,Nebraska,88272,United States
119,Thomastown,West Virginia,39189,United States
120,Paulton,South Carolina,68985,United States
121,Jimeneztown,Idaho,51152,United States
122,West Denise,Montana,86373,United States
123,New Jeffery,Nebraska,16573,United States
124,South Jessica,South Carolina,42914,United States
125,Port Madison,Montana,65861,United States
126,Benjaminburgh,South Dakota,82795,United States
127,Kennethborough,Maryland,17479,United States
128,South Ryanfort,North Carolina,25747,United States
129,East Darrellmouth,Montana,92367,United States
130,Johnfort,Texas,91282,United States
131,Port Jameschester,Idaho,31861,United States
132,East Carolynland,Wisconsin,20879,United States
133,South Raymond,Arkansas,17521,United States
134,Coxport,Missouri,06651,United States
135,West Robyn,Maryland,69434,United States
136,New Sergioborough,Vermont,45833,United States
137,Smithfort,Indiana,61505,United States
138,Hernandezton,Rhode Island,08563,United States
139,North Glenn,Alaska,69514,United States
140,Anthonychester,Mississippi,26085,United States
141,Laurafort,Kentucky,49687,United States
142,Jacobmouth,New York,19734,United States
143,New Amy,Nebraska,67437,United States
144,Jamesland,Kansas,90092,United States
145,New Anthony,Mississippi,44411,United States
146,New Timothy,Rhode Island,70599,United States
147,Port Adrianfurt,Arkansas,85902,United States
148,New Lawrencemouth,Colorado,33330,United States
149,North Laurafort,Utah,36865,United States
150,East Peter,New Mexico,51516,United States
151,Patriciamouth,Maine,80297,United States
152,East Brianna,Connecticut,78802,United States
153,Lake Kennethchester,New York,97648,United States
154,Munozport,Vermont,46913,United States
155,Port Bradley,Idaho,30152,United States
156,North Joseph,Georgia,41439,United States
157,Meyersborough,North Dakota,36650,United States
158,Gonzalezfurt,New Hampshire,23299,United States
159,Port Andrew,Vermont,67214,United States
160,West Javier,Vermont,11040,United States
161,Lake Brandonville,Maine,34938,United States
162,North Davidberg,Illinois,14691,United States
163,Toddside,Missouri,76279,United States
164,Port Jeremy,Montana,06920,United States
165,Port Michelletown,Florida,55407,United States
166,Port Brookebury,Hawaii,41687,United States
167,Campbellshire,Mississippi,86549,United States
168,Lake Joel,Colorado,35203,United States
169,New Christinefurt,Alabama,42757,United States
170,Veronicaburgh,New Mexico,63062,United States
171,North Karamouth,West Virginia,02659,United States
172,West Tina,Missouri,56243,United States
173,Davefort,Connecticut,84728,United States
174,West Tiffany,Massachusetts,63504,United States
175,East Jessicachester,Ohio,53655,United States
176,Farmerstad,Colorado,09862,United States
177,Port Jonathan,Nevada,28868,United States
178,Mitchellville,New Mexico,77833,United States
179,Lake Rebekah,Maine,38404,United States
180,Davidbury,New Hampshire,52396,United States
181,Brendaville,Illinois,39380,United States
182,Jamesville,Kentucky,68240,United States
183,New Danielle,South Carolina,70351,United States
184,Sharpburgh,Delaware,70557,United States
185,Davisview,California,37590,United States
186,West Williamtown,Wisconsin,36414,United States
187,Priscillashire,Rhode Island,26179,United States
188,South Ruthburgh,New York,16054,United States
189,Coreychester,Rhode Island,73345,United States
190,Allisonview,Mississippi,98066,United States
191,Dawsonhaven,Nebraska,94063,United States
192,Smithchester,Nebraska,10040,United States
193,Emilyton,Mississippi,41262,United States
194,Martinfurt,New York,74688,United States
195,Walterville,Minnesota,55450,United States
196,Williamsburgh,Hawaii,67390,United States
197,New Leeport,Georgia,25527,United States
198,Kevinfort,Missouri,77993,United States
199,East Christopherborough,Kansas,19398,United States
200,East Christinemouth,Connecticut,53835,United States
201,Jennyburgh,Kansas,58736,United States
202,Lisaview,Missouri,86374,United States
203,Johnsonmouth,North Carolina,39935,United States
204,New Ashley,Vermont,85304,United States
205,Andersonshire,Virginia,54690,United States
206,North Stevenborough,South Dakota,07461,United States
207,Josephfurt,South Carolina,87733,United States
208,Berrychester,Nebraska,58902,United States
209,Thomasbury,Kentucky,07186,United States
210,South Brandi,Rhode Island,25819,United States
211,Bradleymouth,Texas,40564,United States
212,New Thomaston,Oklahoma,51697,United States
213,Michaeltown,Virginia,66928,United States
214,Katrinaton,Georgia,21662,United States
215,East Kristyshire,Kansas,35343,United States
216,Hooperport,South Carolina,77978,United States
217,East Tamarabury,Kansas,94345,United States
218,New Caroline,Alabama,15386,United States
219,East Elizabeth,Colorado,14842,United States
220,Port Andrew,West Virginia,72423,United States
221,North Saramouth,Florida,09414,United States
222,Williamland,Idaho,02591,United States
223,New Monicaberg,Hawaii,02846,United States
224,Welchhaven,South Dakota,93307,United States
225,Courtneyland,Wisconsin,46258,United States
226,Sarahstad,Pennsylvania,34525,United States
227,Robinberg,Utah,54215,United States
228,Anthonyburgh,Ohio,69495,United States
229,Clarkberg,California,45918,United States
230,Lake Donald,Kentucky,24188,United States
231,New Jontown,Pennsylvania,15672,United States
232,East Laura,Maryland,78907,United States
233,South Lisa,New Jersey,50470,United States
234,Mallorystad,Alaska,47236,United States
235,Montgomerymouth,Vermont,42923,United States
236,Garzahaven,Arizona,27133,United States
237,Martinberg,Wyoming,98623,United States
238,Port Todd,Virginia,03918,United States
239,New Lori,Kentucky,67048,United States
240,Chenbury,Delaware,41733,United States
241,West Robertshire,New Mexico,78149,United States
242,Edwardsmouth,Kentucky,12735,United States
243,New Dana,Wisconsin,24968,United States
244,Davischester,Wisconsin,79330,United States
245,Susanton,Wyoming,02995,United States
246,New Ryanbury,Idaho,26995,United States
247,Lunaville,Arkansas,95719,United States
248,North Robert,Kentucky,96754,United States
249,Lindseyland,New Mexico,03753,United States
250,Reginastad,Florida,27942,United States
251,Carolynborough,Maine,99385,United States
252,Harriston,Arkansas,07632,United States
253,Clarkmouth,California,54769,United States
254,Caseyhaven,Kansas,57353,United States
255,Port Thomas,Rhode Island,04391,United States
256,New Darryl,Massachusetts,97748,United States
257,Lake Diane,Alaska,37960,United States
258,South Leslieborough,Colorado,29423,United States
259,South Williamville,Nevada,59115,United States
260,Port Ruben,Vermont,13523,United States
261,Thomashaven,New Mexico,98742,United States
262,North Amy,Oregon,38725,United States
263,North Maryside,New Jersey,24361,United States
264,Port Randy,Iowa,90387,United States
265,Angelafurt,Hawaii,13652,United States
266,Jasonshire,Delaware,65037,United States
267,Port Lauren,Oklahoma,04392,United States
268,West Maryville,Ohio,10107,United States
269,Port Paul,Wyoming,10348,United States
270,West Brittany,Wisconsin,72030,United States
271,East Erichaven,Washington,96309,United States
272,Kaylaside,Nevada,82335,United States
273,Bookerhaven,Arkansas,05164,United States
274,North Eric,West Virginia,34901,United States
275,North Christopherton,Virginia,38656,United States
276,Cheyenneborough,Utah,38051,United States
277,Denisefort,Maine,55910,United States
278,New Joshuamouth,New Jersey,01460,United States
279,Nathanielton,Delaware,44743,United States
280,Stanleyview,South Carolina,84109,United States
281,Lake Amychester,Delaware,36993,United States
282,Bauerchester,Nebraska,99033,United States
283,Holmesville,Delaware,80135,United States
284,Romeroborough,Kentucky,35670,United States
285,East Sandrafort,Utah,98740,United States
286,North Michael,Delaware,87578,United States
287,Delgadotown,South Dakota,60718,United States
288,Jasonborough,Nebraska,79554,United States
289,West Jessica,Delaware,37605,United States
290,North Rogerhaven,Utah,39660,United States
291,Lake Davidbury,New Hampshire,17501,United States
292,Lake David,North Carolina,65625,United States
293,Lake Laura,Virginia,61901,United States
294,West Ericside,Wisconsin,08274,United States
295,Richardsonfurt,Indiana,60936,United States
296,Butlerton,Delaware,83687,United States
297,New John,Vermont,91041,United States
298,Jeffreyberg,Vermont,86033,United States
299,East Joshuaport,Florida,43842,United States
300,Holderborough,Massachusetts,62674,United States
301,Smithland,Minnesota,75052,United States
302,West Pennyhaven,Tennessee,79699,United States
303,Davismouth,South Carolina,94411,United States
304,Branchfurt,Arkansas,95674,United States
305,Jonesshire,Virginia,95013,United States
306,Mccoyberg,Nebraska,83729,United States
307,South Cynthiamouth,New Jersey,84711,United States
308,Charleshaven,Iowa,14110,United States
309,Anthonyberg,New Hampshire,91612,United States
310,West Alicia,New York,13421,United States
311,Lake Jessica,Ohio,61269,United States
312,South Richardland,Connecticut,14143,United States
313,Gonzalezland,Nebraska,12826,United States
314,Hayesshire,Alaska,91328,United States
315,Whiteland,Massachusetts,63885,United States
316,Cookmouth,Florida,08876,United States
317,New Alexander,Alaska,51119,United States
318,Port Brandonville,Alaska,48151,United States
319,North Hannah,Minnesota,23626,United States
320,New Josephstad,Oregon,25548,United States
321,Port Yvonnehaven,New York,20061,United States
322,North Wyatttown,Mississippi,86323,United States
323,Brucemouth,Massachusetts,09106,United States
324,Port Frankmouth,Idaho,13795,United States
325,Harveyhaven,North Dakota,64424,United States
326,Port Ashleyville,Kentucky,53577,United States
327,Christopherbury,Virginia,33841,United States
328,Danieltown,North Dakota,18702,United States
329,Crawfordton,Virginia,96429,United States
330,New Joseph,New Mexico,23588,United States
331,Robinsonview,Missouri,34858,United States
332,Harveychester,Indiana,40887,United States
333,Nathanfort,Massachusetts,55131,United States
334,Lake Rachael,Kansas,75055,United States
335,West Williammouth,Delaware,20627,United States
336,Millerview,Hawaii,12960,United States
337,Acostaborough,Illinois,94855,United States
338,Kimbury,Nebraska,23366,United States
339,Courtneyshire,Arkansas,93009,United States
340,Debramouth,South Carolina,52395,United States
341,Kathrynview,Tennessee,00774,United States
342,Port Emily,Oklahoma,84427,United States
343,Samanthahaven,Tennessee,59500,United States
344,North Charlottebury,North Carolina,66312,United States
345,Lake Ashleyton,Mississippi,81587,United States
346,Mooneyhaven,Iowa,15626,United States
347,Michaelchester,Florida,37465,United States
348,South Patrickberg,Oklahoma,30103,United States
349,Palmerside,Iowa,60718,United States
350,Warrenport,Rhode Island,87318,United States
351,Howardburgh,Pennsylvania,03228,United States
352,Anthonyport,Michigan,44807,United States
353,Jimenezmouth,Virginia,10598,United States
354,East Benjaminhaven,Iowa,01489,United States
355,Josephport,Nebraska,92065,United States
356,New Jasonfort,Mississippi,81275,United States
357,Masseyfort,Montana,82626,United States
358,Lake Allison,West Virginia,73635,United States
359,Shelialand,Massachusetts,87839,United States
360,South Taylor,West Virginia,65642,United States
361,North Angelaberg,New York,09813,United States
362,Lake Jermainechester,South Dakota,12476,United States
363,South Jerry,Colorado,62624,United States
364,Lake Brittanystad,North Carolina,67823,United States
365,Thompsonville,Idaho,79402,United States
366,East Christina,Maryland,60386,United States
367,Yufurt,Minnesota,92073,United States
368,Ethanchester,Oklahoma,58692,United States
369,Josephville,New Hampshire,92807,United States
370,Whitestad,Maine,85201,United States
371,East Tonyachester,Delaware,23546,United States
372,West Richardmouth,Ohio,83689,United States
373,Christineport,Tennessee,71874,United States
374,East Todd,Idaho,66616,United States
375,West Mark,Wisconsin,74446,United States
376,Oscarbury,Illinois,10622,United States
377,South Ronaldland,New Mexico,30167,United States
378,Karenland,Oregon,92631,United States
379,Patriciachester,Illinois,07328,United States
380,East Robert,Minnesota,19513,United States
381,Donaldborough,Ohio,18332,United States
382,North Karen,Hawaii,45029,United States
383,Summersburgh,North Dakota,02062,United States
384,Travischester,Tennessee,99928,United States
385,Moniqueberg,Maryland,47255,United States
386,West Adrienneborough,Arkansas,46615,United States
387,Floresmouth,Mississippi,24107,United States
388,North Dennishaven,Nebraska,85787,United States
389,New Bobby,Iowa,49139,United States
390,Harrisonchester,North Carolina,70076,United States
391,Danielshire,Pennsylvania,71956,United States
392,North Jacob,Mississippi,48021,United States
393,South Tracyport,Arkansas,95677,United States
394,Glasston,Kansas,81776,United States
395,South Linda,New Hampshire,64808,United States
396,Lewischester,Arkansas,97836,United States
397,East Jenniferstad,Georgia,99442,United States
398,East Tiffany,Wisconsin,58838,United States
399,New Jose,Delaware,91787,United States
400,Port Johnny,Illinois,44197,United States
401,Port Joseph,Ohio,41677,United States
402,Jessicahaven,Kansas,61913,United States
403,New Kathleen,Oklahoma,61157,United States
404,North Brendafurt,South Dakota,91795,United States
405,Kelseyshire,Idaho,52922,United States
406,Matthewberg,Washington,12689,United States
407,New Joanville,Illinois,73149,United States
408,Port Maryport,Pennsylvania,64726,United States
409,New Angela,Maine,13512,United States
410,East Jeremymouth,Louisiana,62081,United States
411,Williamstad,New Jersey,93536,United States
412,Jorgeborough,Delaware,55058,United States
413,Heatherchester,Rhode Island,48013,United States
414,Joseborough,South Carolina,86777,United States
415,East Heatherville,Oregon,07742,United States
416,Lake Jonathan,Wyoming,63629,United States
417,North Leonard,Maryland,40153,United States
418,Williamsland,Maine,13014,United States
419,New Zacharytown,Wisconsin,15964,United States
420,East Joshua,Minnesota,36588,United States
421,Kingburgh,Missouri,93470,United States
422,West Danieltown,Idaho,67052,United States
423,North Jenniferchester,Connecticut,64731,United States
424,North Matthew,Mississippi,84469,United States
425,Mistyview,Iowa,92726,United States
426,North Tinaland,Georgia,07151,United States
427,South Richardberg,Montana,45792,United States
428,South Jason,Oregon,10521,United States
429,Patrickstad,Massachusetts,38063,United States
430,Higginsshire,North Dakota,76303,United States
431,Port Kimberlyville,Nebraska,67921,United States
432,Lake Deniseville,Florida,83152,United States
433,West Jessicaburgh,Florida,16371,United States
434,Jayfurt,Idaho,76586,United States
435,Andreaville,New Hampshire,15683,United States
436,Lauraland,California,39762,United States
437,Lake Amy,Ohio,56899,United States
438,Ashleystad,Virginia,92993,United States
439,North Carrie,Colorado,82955,United States
440,Jordanton,Minnesota,64015,United States
441,Port Patricia,West Virginia,38123,United States
442,East Amandabury,New Jersey,07327,United States
443,Melissamouth,Washington,96804,United States
444,East Kenneth,Texas,53125,United States
445,Leblancshire,Connecticut,42312,United States
446,Williamsburgh,California,66096,United States
447,South Kimberly,West Virginia,11262,United States
448,Kimberlyfort,Iowa,65488,United States
449,Andersonville,Oklahoma,39650,United States
450,Lake Carolynville,Missouri,85140,United States
451,Port Kennethshire,Wisconsin,39714,United States
452,Castillostad,Indiana,77087,United States
453,East Melissa,South Dakota,56011,United States
454,New Traci,Kansas,68836,United States
455,Stephanieport,Vermont,00580,United States
456,Christinemouth,Nebraska,19711,United States
457,South Aaronside,New Mexico,76868,United States
458,Jackieburgh,Utah,16280,United States
459,Richardbury,Delaware,73478,United States
460,West Ronnieview,Ohio,24233,United States
461,Port Kristaport,Arizona,59662,United States
462,Lake Allisonmouth,Texas,85012,United States
463,South Victorburgh,Delaware,34714,United States
464,Joelshire,Alabama,43484,United States
465,North Andrea,Massachusetts,81024,United States
466,Carrollberg,North Carolina,46288,United States
467,North Johnbury,Michigan,42066,United States
468,Thomasview,New Hampshire,98860,United States
469,Brockchester,Delaware,53390,United States
470,Baileybury,Idaho,20783,United States
471,Port Emilymouth,Florida,24815,United States
472,Matthewton,Connecticut,13620,United States
473,North Jenniferfort,Nevada,51537,United States
474,New Amy,California,65856,United States
475,Ruizberg,Hawaii,24251,United States
476,South Leonardfurt,Florida,35925,United States
477,South Julietown,Maryland,72695,United States
478,Lake Michael,Nebraska,62797,United States
479,West Ashleyside,Montana,52541,United States
480,Josephstad,Minnesota,88567,United States
481,Katieshire,Tennessee,91087,United States
482,Lake Dustinberg,Illinois,50912,United States
483,Zunigamouth,Minnesota,29648,United States
484,West Tammy,Georgia,89578,United States
485,Cortezview,North Dakota,58522,United States
486,Martinezmouth,North Carolina,72463,United States
487,Donnahaven,Wyoming,91155,United States
488,Richardborough,Massachusetts,94748,United States
489,Jordanport,California,06969,United States
490,Crawfordton,Illinois,22104,United States
491,Robertburgh,Louisiana,71201,United States
492,Richardsonton,Oklahoma,93215,United States
493,Jamiefurt,Utah,58975,United States
494,South Stephen,Tennessee,18844,United States
495,West Deborah,Arkansas,25010,United States
496,Port Roberttown,Rhode Island,44271,United States
497,East Lisa,Vermont,01604,United States
498,West Kelseytown,Alabama,87184,United States
499,Jeremymouth,Michigan,67534,United States
500,Josephborough,Rhode Island,88246,United States
501,Lake Kelly,Kentucky,70358,United States
502,West Heidi,Kansas,57828,United States
503,Marquezville,New Hampshire,54120,United States
504,Lake Nathanfort,Wisconsin,59430,United States
505,Lake David,Hawaii,18664,United States
506,Stephenport,Alaska,59725,United States
507,New Johnshire,Kentucky,39034,United States
508,Michaelport,Vermont,20497,United States
509,Lake Emily,Mississippi,02108,United States
510,North Bradley,Kansas,07834,United States
511,Coxmouth,Tennessee,87400,United States
512,North Bobby,Connecticut,95428,United States
513,West Bryan,Vermont,90545,United States
514,Lake Stephaniehaven,New Mexico,57009,United States
515,Barnesshire,Michigan,90460,United States
516,West Alicia,Minnesota,90840,United States
517,Delgadoport,Delaware,36557,United States
518,Franklinton,Michigan,58663,United States
519,Jennyfort,Indiana,01557,United States
520,South Jeffrey,Oregon,59962,United States
521,Jessicafort,Alaska,39060,United States
522,Lake John,Montana,64969,United States
523,Lake Susanfurt,Hawaii,53625,United States
524,Port Jennifer,Wisconsin,29818,United States
525,Peckport,Oklahoma,12849,United States
526,Port Chelsea,Nevada,16121,United States
527,Harveyview,Louisiana,99612,United States
528,New John,Virginia,43253,United States
529,Port Brianberg,Minnesota,03835,United States
530,Owenfurt,Kentucky,82655,United States
531,South Jacobchester,Kentucky,61911,United States
532,South Carolynville,Arizona,53906,United States
533,East Nicholasmouth,Kentucky,43947,United States
534,Barbaramouth,Connecticut,55664,United States
535,Annamouth,Nevada,25849,United States
536,Jeffreyberg,Pennsylvania,17348,United States
537,Adamside,Florida,73868,United States
538,North Grant,Alaska,49355,United States
539,Heathermouth,Alabama,60383,United States
540,Freemanborough,Nevada,16413,United States
541,Tammychester,Wisconsin,16670,United States
542,West Natalie,Missouri,83082,United States
543,New Angelahaven,West Virginia,15994,United States
544,North Stephanieport,Virginia,31605,United States
545,Schmidtview,New York,53157,United States
546,Melissaberg,Delaware,94465,United States
547,Hannahview,Oregon,90051,United States
548,Davidfurt,Montana,24514,United States
549,North Joshuaport,Massachusetts,37112,United States
550,Lake Vickiberg,Utah,02568,United States
551,Colefort,Nebraska,47593,United States
552,North Tammy,Arizona,32680,United States
553,North Patrick,Wyoming,55769,United States
554,New Michael,New Hampshire,83998,United States
555,Ryanchester,South Dakota,90564,United States
556,North Nathanfurt,West Virginia,80352,United States
557,Kentmouth,Utah,73750,United States
558,New Karen,Tennessee,66228,United States
559,Lake Sharonberg,Montana,27030,United States
560,Jasminechester,Oregon,01207,United States
561,Port Karenborough,North Dakota,39159,United States
562,Sanchezshire,Washington,93009,United States
563,New Kathleen,Iowa,97914,United States
564,North Thomas,Michigan,80303,United States
565,Nelsonton,West Virginia,76785,United States
566,Phelpsburgh,Idaho,85679,United States
567,Woodsmouth,Tennessee,70569,United States
568,Megantown,New Hampshire,13376,United States
569,West Evanmouth,Illinois,63057,United States
570,Fitzgeraldstad,New Hampshire,17160,United States
571,Gibsonborough,Alaska,91869,United States
572,West Gavin,Missouri,65242,United States
573,East Amandaview,Mississippi,27246,United States
574,Latoyamouth,Alaska,96110,United States
575,West Emily,Oklahoma,03084,United States
576,Peterhaven,Vermont,30864,United States
577,West Teresahaven,Montana,71176,United States
578,New Patricia,Delaware,62740,United States
579,North Peterside,Montana,96558,United States
580,Christopherville,Pennsylvania,08310,United States
581,Meganberg,Michigan,67332,United States
582,Kimberlyland,Montana,58163,United States
583,West Franklin,North Dakota,06144,United States
584,East Michelestad,Idaho,62095,United States
585,Edwardview,Hawaii,62716,United States
586,Luisville,Missouri,57101,United States
587,West Tiffanyland,North Dakota,70030,United States
588,Stevenside,New Jersey,17514,United States
589,West Melanie,North Dakota,44326,United States
590,Suttonmouth,Texas,63881,United States
591,Danielfurt,Louisiana,78145,United States
592,New Susanstad,Tennessee,83904,United States
593,Port Bradley,Wisconsin,09135,United States
594,Abbottton,Connecticut,83225,United States
595,North Katherine,Illinois,52751,United States
596,North Mary,Georgia,83568,United States
597,Taylormouth,Massachusetts,03034,United States
598,New Dianechester,Rhode Island,93389,United States
599,Lake Lee,Hawaii,39401,United States
600,New Alexismouth,Texas,93908,United States
601,East Katie,Virginia,66446,United States
602,Tapiaport,New York,98278,United States
603,Thomaschester,New Mexico,07382,United States
604,Walkerview,Kansas,65633,United States
605,Zunigaville,Missouri,96398,United States
606,Joshuaside,Pennsylvania,14179,United States
607,Robinsonborough,Arizona,14442,United States
608,Grayberg,California,33630,United States
609,Port Christopherburgh,West Virginia,47395,United States
610,Shermanbury,Connecticut,36786,United States
611,Fisherberg,Arkansas,06545,United States
612,Lake Jessica,Hawaii,91066,United States
613,North Alexisland,Mississippi,11915,United States
614,Riosfurt,Vermont,64565,United States
615,Peterchester,Rhode Island,59673,United States
616,Christinamouth,Florida,65730,United States
617,North Sarahmouth,Montana,16538,United States
618,Port Mary,Kentucky,87620,United States
619,East Codyfort,South Carolina,05489,United States
620,Deanmouth,Mississippi,65994,United States
621,Duncanburgh,Indiana,48738,United States
622,East Jenniferborough,New Hampshire,68502,United States
623,Jasonville,Alaska,51185,United States
624,West Troy,Illinois,46705,United States
625,North Jeffrey,Mississippi,30290,United States
626,Lake Danielville,Maine,27878,United States
627,Tammymouth,Washington,04372,United States
628,New Johnside,Montana,37530,United States
629,Ellischester,Maryland,82697,United States
630,Nicoleport,Wisconsin,72031,United States
631,Dennisbury,Massachusetts,53645,United States
632,North Shelbybury,California,14932,United States
633,Chadview,Rhode Island,56758,United States
634,South Ashley,Ohio,10652,United States
635,Lake Michelle,Kentucky,03683,United States
636,Nathanland,Pennsylvania,03793,United States
637,West Bryan,Nevada,73420,United States
638,East Sandra,Arizona,06720,United States
639,New Adam,Iowa,29831,United States
640,Webermouth,Kentucky,95419,United States
641,Lorifurt,Texas,61933,United States
642,Jonathanport,Nevada,23812,United States
643,Chamberston,Ohio,93850,United States
644,South Sherry,Nevada,25861,United States
645,Lake Pamela,Virginia,45041,United States
646,Davisside,Mississippi,66659,United States
647,Durhamshire,West Virginia,89733,United States
648,Williamsonfort,Tennessee,85757,United States
649,Tylertown,Kansas,10919,United States
650,Lake Gregoryburgh,Pennsylvania,35274,United States
651,East Victoriaburgh,Nevada,71889,United States
652,Lake Chadchester,Iowa,30427,United States
653,Bradleymouth,Vermont,24912,United States
654,Stevensonshire,Kansas,71962,United States
655,Joshuaport,Montana,06445,United States
656,Davisstad,Washington,90968,United States
657,North Richard,Maryland,21922,United States
658,Stephenbury,Utah,30373,United States
659,North Dianebury,Maine,50784,United States
660,Jonesland,Alaska,99634,United States
661,Lake Raymondfort,New Jersey,93537,United States
662,North Katherine,North Dakota,27237,United States
663,West Jameston,Rhode Island,77619,United States
664,Josephbury,Washington,97457,United States
665,Robertshaven,Pennsylvania,29595,United States
666,North Joseph,North Carolina,05784,United States
667,North Jessicaside,Michigan,32610,United States
668,South Steven,Nebraska,67302,United States
669,Jamesbury,North Carolina,95881,United States
670,South Barbaraport,Virginia,92719,United States
671,Murphyfurt,South Dakota,89648,United States
672,Reedborough,Missouri,93157,United States
673,Sierraville,New York,12205,United States
674,East Stephenview,Florida,08861,United States
675,Lake Deborahmouth,Rhode Island,34086,United States
676,East Stevenfort,Iowa,13708,United States
677,Robertstown,Georgia,50562,United States
678,East Karen,Alabama,76104,United States
679,West Ivan,New Mexico,20943,United States
680,Baileyfurt,Colorado,70978,United States
681,West Kevinburgh,Maine,44967,United States
682,Mitchellton,Minnesota,41375,United States
683,Reynoldsfurt,Vermont,50018,United States
684,Petersonshire,Iowa,89064,United States
685,North Erikastad,Louisiana,57045,United States
686,West Jesseshire,Massachusetts,85520,United States
687,New Mary,Kentucky,08934,United States
688,North Nicholasburgh,North Dakota,26396,United States
689,North Amyburgh,Colorado,52321,United States
690,South Mariamouth,Kentucky,81182,United States
691,Millermouth,Vermont,98105,United States
692,Deniseport,Montana,23478,United States
693,Ramirezville,Mississippi,22893,United States
694,Port Sharonview,Michigan,82216,United States
695,Port Chadfort,Wisconsin,36076,United States
696,West Maria,Maine,32052,United States
697,New Jenniferfort,Rhode Island,86355,United States
698,Kevinhaven,Washington,76666,United States
699,East Thomas,South Carolina,04026,United States
700,Alextown,Louisiana,95220,United States
701,Fieldsview,Missouri,10259,United States
702,West Emily,Oklahoma,23828,United States
703,New Micheal,Texas,13096,United States
704,Rodgersberg,Alaska,37537,United States
705,North Marcus,Delaware,38778,United States
706,Jessicaberg,South Carolina,28650,United States
707,East Michael,California,97635,United States
708,Juarezshire,Florida,08787,United States
709,Noahbury,Maryland,26292,United States
710,Alyssafort,Delaware,16385,United States
711,Port Davidland,Mississippi,92457,United States
712,South Lauraton,Florida,76615,United States
713,Port Laurie,Alabama,96278,United States
714,Bartonfort,Louisiana,27821,United States
715,West Kathleen,Arizona,37340,United States
716,Rodgerstown,Washington,60592,United States
717,Brookefort,Wisconsin,35428,United States
718,East Jacqueline,Mississippi,87883,United States
719,Lake Tracie,Oregon,26212,United States
720,North Teresa,Missouri,39445,United States
721,Hernandezville,West Virginia,96299,United States
722,Robinsonport,Nebraska,65404,United States
723,Laurachester,Florida,12838,United States
724,Tonyside,Louisiana,15425,United States
725,Lake Kristinafurt,Oregon,94858,United States
726,South Benjamin,Alaska,96472,United States
727,New Ryan,Georgia,24092,United States
728,Davisbury,Idaho,78124,United States
729,East Jennifer,Illinois,29201,United States
730,Brownfort,New Mexico,72966,United States
731,Juliehaven,South Dakota,60006,United States
732,Smithview,Montana,48599,United States
733,New Kenneth,North Dakota,66494,United States
734,Alvarezview,New Hampshire,23136,United States
735,North Lauren,New Mexico,87546,United States
736,Nicoleshire,Mississippi,71705,United States
737,Fergusonville,Georgia,20860,United States
738,Lake Aprilside,Virginia,15474,United States
739,East William,Hawaii,84150,United States
740,Cantrellton,New Jersey,03655,United States
741,South Christopherstad,Hawaii,61809,United States
742,Christopherfurt,Kansas,54645,United States
743,Flynnville,South Dakota,10264,United States
744,South Bernard,Rhode Island,17452,United States
745,New Tammy,Oklahoma,22402,United States
746,East Shawntown,Oklahoma,25217,United States
747,New Johnmouth,Arkansas,76948,United States
748,New Christopherton,Utah,35211,United States
749,South Gina,North Carolina,90709,United States
750,Port Christinaland,New Hampshire,02568,United States
751,Robinsonmouth,Wisconsin,56956,United States
752,Lake Alexandria,Arkansas,65965,United States
753,Geraldborough,West Virginia,11653,United States
754,Port Emily,Oklahoma,55592,United States
755,New Kathy,North Carolina,44950,United States
756,West Lindseyfurt,Washington,76656,United States
757,North Tylertown,Delaware,01821,United States
758,North Emily,Vermont,10086,United States
759,South Bruce,Minnesota,59655,United States
760,Lawsonburgh,Connecticut,98065,United States
761,Port Jamiestad,Montana,51486,United States
762,New Gabrielshire,Nevada,62514,United States
763,Lake Adam,Massachusetts,07017,United States
764,North Stephanieshire,Arkansas,41152,United States
765,Kristineport,Louisiana,31777,United States
766,Paulshire,New Mexico,07889,United States
767,Samanthabury,Idaho,21366,United States
768,South Benjamin,Texas,12332,United States
769,Christinechester,Colorado,70184,United States
770,New Kevin,Georgia,19812,United States
771,Johnland,North Carolina,51771,United States
772,East Amberhaven,Nevada,16057,United States
773,Tinamouth,Vermont,26751,United States
774,East Kristinaport,Massachusetts,94619,United States
775,Perkinsfort,Montana,83317,United States
776,Castilloland,South Carolina,01171,United States
777,Lake Kelly,Nevada,89129,United States
778,East Ryanville,Florida,01239,United States
779,Davisfort,Rhode Island,24639,United States
780,East Timothy,Texas,10456,United States
781,New Sarah,Pennsylvania,66576,United States
782,Richardport,Pennsylvania,97392,United States
783,Carlstad,Nebraska,32819,United States
784,West Kristenland,Utah,57372,United States
785,Phambury,New Hampshire,55886,United States
786,Lake Barbaramouth,Nevada,30178,United States
787,Ramirezchester,Wyoming,63884,United States
788,Port Ericbury,New Hampshire,67700,United States
789,Juliestad,Arkansas,21710,United States
790,West Annaport,Utah,30335,United States
791,North Travisland,Rhode Island,02280,United States
792,North Patrickland,Maine,28698,United States
793,Fleminghaven,Nebraska,37182,United States
794,West Timothy,Connecticut,07346,United States
795,Lake Kevinhaven,Nevada,72173,United States
796,Harperborough,Montana,46099,United States
797,South Cathyhaven,Michigan,18578,United States
798,South Tammy,New Hampshire,29099,United States
799,Lindsayville,Texas,22435,United States
800,Baldwinfurt,Minnesota,84475,United States
801,Cynthiaberg,Tennessee,11918,United States
802,Kathleenton,Delaware,55596,United States
803,New Jennifer,Nebraska,69567,United States
804,Bradleyfort,Arkansas,99666,United States
805,Sueshire,Louisiana,11938,United States
806,Jessicaside,Utah,82525,United States
807,North Angelaton,Oregon,07071,United States
808,New Christopherview,Texas,13429,United States
809,Jordanland,New Mexico,36680,United States
810,Port Robinland,Hawaii,17595,United States
811,Rodneyville,Texas,89775,United States
812,Houstontown,Nevada,28665,United States
813,West Michaelborough,California,35430,United States
814,Port Christinaborough,Colorado,65035,United States
815,Candiceborough,Michigan,00546,United States
816,Cynthiaton,Virginia,56610,United States
817,West Jacobview,North Dakota,02286,United States
818,South Ianbury,New Jersey,95651,United States
819,Cortezfurt,Vermont,51407,United States
820,South Anthonyborough,Montana,56112,United States
821,Lake Jamieborough,Delaware,67092,United States
822,North Stephanie,Idaho,69351,United States
823,North Timothy,Indiana,24937,United States
824,Port Walter,Arizona,01223,United States
825,South Ashley,Nevada,79024,United States
826,Amandamouth,Michigan,67740,United States
827,New Aaron,Nebraska,13623,United States
828,Karenstad,Missouri,49373,United States
829,Mcintoshfort,Maryland,17178,United States
830,Humphreyville,West Virginia,26041,United States
831,Hardinfort,New Hampshire,87352,United States
832,Port Sean,Montana,07340,United States
833,Laurastad,South Carolina,53049,United States
834,Michelleborough,New Jersey,79106,United States
835,Rodriguezchester,Nevada,41761,United States
836,Earlstad,California,41055,United States
837,Caldwellton,Kansas,99942,United States
838,Robertview,Mississippi,51970,United States
839,New Thomasshire,Oregon,74312,United States
840,Hardingmouth,Washington,67301,United States
841,Collinsmouth,Illinois,89892,United States
842,West Michaelstad,South Dakota,53177,United States
843,Ronaldtown,Iowa,60460,United States
844,Smithfort,Florida,52594,United States
845,Lake Jonathan,Arkansas,50640,United States
846,North Amber,Alaska,40134,United States
847,Montgomeryshire,Wyoming,30638,United States
848,Port Amanda,Florida,69102,United States
849,West Jerry,Arizona,54622,United States
850,New Maryfurt,South Dakota,58752,United States
851,New Monicaburgh,New York,88061,United States
852,Fullerfurt,Mississippi,46908,United States
853,Brandyburgh,Indiana,51538,United States
854,Lake Anthony,Nevada,46166,United States
855,Beasleyport,Washington,58000,United States
856,Ianland,Missouri,44445,United States
857,Morenoland,Mississippi,16851,United States
858,Donovanchester,New York,00913,United States
859,Harperfurt,New York,69163,United States
860,Joshuabury,New Jersey,68014,United States
861,North Sharonchester,Missouri,93043,United States
862,Nguyenstad,Massachusetts,19258,United States
863,North Angela,Connecticut,83951,United States
864,South Markstad,North Carolina,35730,United States
865,Lake Julia,Idaho,25268,United States
866,Shawhaven,Nevada,88171,United States
867,Bonniemouth,West Virginia,16351,United States
868,North Latoya,Florida,90935,United States
869,Gibsonmouth,Utah,94460,United States
870,Samanthaside,North Carolina,90480,United States
871,Phillipchester,New Mexico,64727,United States
872,New Codymouth,New Jersey,69410,United States
873,Jessicafurt,Delaware,87247,United States
874,West Alexander,Nevada,34028,United States
875,Hernandezstad,Louisiana,49263,United States
876,Russellhaven,Ohio,86444,United States
877,Lauriebury,New Mexico,80754,United States
878,Kevinborough,Oklahoma,17546,United States
879,Ronaldmouth,Arizona,22125,United States
880,East Brian,California,44251,United States
881,South Paulview,South Dakota,74225,United States
882,Haleyshire,North Dakota,61745,United States
883,Alexisburgh,Arizona,27200,United States
884,Keithfort,Alabama,05569,United States
885,Pedrohaven,Wyoming,84168,United States
886,East Wayne,Connecticut,75155,United States
887,Mooreton,Michigan,50428,United States
888,Shannonfort,Illinois,88936,United States
889,North Edward,Georgia,86503,United States
890,East Luis,Connecticut,73195,United States
891,Lake Janice,Montana,45872,United States
892,Kevinburgh,Nebraska,34937,United States
893,Perryburgh,Missouri,29330,United States
894,Westfort,Michigan,92157,United States
895,Lake Daniel,Hawaii,80346,United States
896,North Christopher,Texas,36942,United States
897,East Jessica,Iowa,98412,United States
898,Whitakermouth,Nevada,94426,United States
899,Lambertview,Alaska,42449,United States
900,Ginabury,North Carolina,13539,United States
901,Crystalport,Oklahoma,10359,United States
902,Myersmouth,Utah,25850,United States
903,Lisashire,Montana,94108,United States
904,South Joseph,Wyoming,38080,United States
905,North Erinshire,Hawaii,41185,United States
906,Port Dylanchester,Florida,86697,United States
907,West Ericmouth,Nevada,10589,United States
908,Lake Tracy,Missouri,28857,United States
909,New Kristin,South Carolina,36525,United States
910,North Rita,Alabama,26227,United States
911,Port Stephanie,California,75049,United States
912,Mandyhaven,Ohio,18382,United States
913,New Elizabethbury,Oklahoma,91798,United States
914,Gomezmouth,Pennsylvania,55363,United States
915,Port Jademouth,Washington,21824,United States
916,Lisachester,Iowa,31268,United States
917,Myersberg,Maine,01605,United States
918,Port Sarah,Ohio,96447,United States
919,Allisonview,Oklahoma,17935,United States
920,Kevinfort,South Dakota,27580,United States
921,West Nicoleport,North Carolina,17592,United States
922,East Cheryl,Wisconsin,16430,United States
923,Parkershire,North Carolina,89427,United States
924,Lake Melissaland,Nevada,34852,United States
925,Reidstad,Georgia,01820,United States
926,South Melissa,Maryland,22468,United States
927,Jessicahaven,New Mexico,22251,United States
928,North Olivia,Connecticut,44773,United States
929,Garyside,Minnesota,57614,United States
930,Jamesberg,Indiana,58094,United States
931,Garrettchester,Wisconsin,08729,United States
932,Washingtonville,Indiana,71886,United States
933,Jonathanton,Vermont,34697,United States
934,Port Jasonton,New York,44625,United States
935,Port Tracyshire,Nebraska,46790,United States
936,South Stacey,North Carolina,46909,United States
937,Chenshire,California,56490,United States
938,West Hannah,South Dakota,92144,United States
939,Port Brandonland,Kentucky,62508,United States
940,Humphreystad,West Virginia,74463,United States
941,Colonfurt,Wyoming,58569,United States
942,New Melindaburgh,Utah,16500,United States
943,Hardingburgh,California,12139,United States
944,New Stephen,Nevada,76901,United States
945,Greeneside,Nebraska,95042,United States
946,Kayleemouth,Missouri,92779,United States
947,Amandaport,Maryland,02905,United States
948,Perezbury,Vermont,40186,United States
949,North Jacobmouth,Mississippi,21016,United States
950,West Antonioborough,Michigan,36542,United States
951,East Leslie,New Hampshire,40416,United States
952,Dicksonville,Iowa,85812,United States
953,Brianfort,New York,28785,United States
954,North Bryanside,Mississippi,78810,United States
955,New Danny,Georgia,11392,United States
956,Jasonberg,Delaware,04416,United States
957,North Jonathanport,New Hampshire,85865,United States
958,Port Dawnberg,Minnesota,05818,United States
959,Jonathanton,Texas,76001,United States
960,South Andrewtown,Hawaii,05844,United States
961,Williamshire,Hawaii,48968,United States
962,East Johnfurt,Utah,86295,United States
963,Wileyborough,Michigan,15288,United States
964,Port Ronaldside,Wisconsin,48355,United States
965,South Bobby,Iowa,43937,United States
966,New Williamberg,Arkansas,61764,United States
967,New Loretta,Rhode Island,36763,United States
968,Abigailside,Utah,35853,United States
969,Dwayneborough,Washington,57290,United States
970,West Sean,Indiana,07438,United States
971,Vasquezmouth,Oklahoma,86739,United States
972,North Dianachester,Kentucky,84652,United States
973,North Jesus,Montana,53334,United States
974,Morenoland,Iowa,27511,United States
975,West Sarahshire,Idaho,32687,United States
976,Kellyburgh,Iowa,21252,United States
977,West Meganton,New Mexico,11270,United States
978,Kathrynside,Oklahoma,86725,United States
979,Millerfurt,Maryland,83949,United States
980,Lake Alan,Illinois,75010,United States
981,New Elizabeth,Colorado,74595,United States
982,East Brenda,Vermont,33157,United States
983,Port Sonialand,West Virginia,49483,United States
984,Wilkinschester,Ohio,51633,United States
985,North Chris,Oregon,64224,United States
986,Dunnmouth,Idaho,14000,United States
987,East Russellmouth,Alabama,77829,United States
988,Deannaview,Wisconsin,90084,United States
989,East Christinaville,New Jersey,20664,United States
990,Butlerhaven,Hawaii,83523,United States
991,New Stevenmouth,Arizona,59729,United States
992,Alvaradoberg,Vermont,52173,United States
993,North David,Pennsylvania,71643,United States
994,Evanschester,Minnesota,11410,United States
995,South Reginald,Tennessee,66596,United States
996,Elizabethport,West Virginia,55300,United States
997,East Richardchester,Kentucky,93793,United States
998,Joshuaburgh,Maryland,41314,United States
999,Lake Amy,South Dakota,45497,United States
1000,New Travisbury,South Carolina,27985,United States
